Pickline, версия 2026-09-15.3. Источник данных: OpenDota.
  приоритет процесса понижен: игра важнее
  справочник героев: снимок от 2026-09-13, 127 героев. Свежие данные подтягиваю в фоне.
  распознавание: самопроверка ок (5/5 за 5.0 с, эталонов загружено 127 из 127 файлов)

Pickline запущен: http://127.0.0.1:8777
Закройте окно, чтобы остановить.
  GET /api/heroes …
  GET /api/heroes — 91 мс
  GET /api/vision/status …
  GET /api/vision/status — 16 мс
  GET /api/player …
  GET /api/gsi/state …
  GET /api/gsi/state — 3 мс
  GET /api/player — 622 мс
  GET /api/gsi/state …
  GET /api/gsi/state — 0 мс
  GET /api/gsi/state …
  GET /api/gsi/state — 0 мс
  GET /api/gsi/state …
  GET /api/gsi/state — 0 мс
  GET /api/gsi/state …
  GET /api/gsi/state — 0 мс
  GET /api/gsi/state …
  GET /api/gsi/state — 0 мс
  GET /api/gsi/state …
  GET /api/gsi/state — 0 мс
  GET /api/gsi/state …
  GET /api/gsi/state — 0 мс
  GET /api/gsi/state …
  GET /api/gsi/state — 0 мс
  GET /api/gsi/state …
  GET /api/gsi/state — 0 мс
  GET /api/gsi/state …
  GET /api/gsi/state — 0 мс
  GET /api/gsi/state …
  GET /api/gsi/state — 0 мс
  GET /api/gsi/state …
  GET /api/gsi/state — 1 мс
  GET /api/gsi/state …
  GET /api/gsi/state — 0 мс
  GET /api/gsi/state …
  GET /api/gsi/state — 0 мс
  GET /api/gsi/state …
  GET /api/gsi/state — 0 мс
  GET /api/gsi/state …
  GET /api/gsi/state — 0 мс
  GET /api/gsi/state …
  GET /api/gsi/state — 1 мс
  GET /api/gsi/state …
  GET /api/gsi/state — 0 мс
  GET /api/gsi/state …
  GET /api/gsi/state — 0 мс
  GET /api/gsi/state …
  GET /api/gsi/state — 0 мс
  GET /api/gsi/state …
  GET /api/gsi/state — 0 мс
  GET /api/gsi/state …
  GET /api/gsi/state — 0 мс
  GET /api/gsi/state …
  GET /api/gsi/state — 1 мс
  GET /api/gsi/state …
  GET /api/gsi/state — 1 мс
  GET /api/gsi/state …
  GET /api/gsi/state — 0 мс
  GET /api/gsi/state …
  GET /api/gsi/state — 0 мс
  GET /api/gsi/state …
  GET /api/gsi/state — 0 мс
  сеть: curl вернул код 28: curl: (28) Operation timed out after 45001 milliseconds with 24918 bytes received; показана копия из кэша для https://api.opendota.com/api/heroStats
  GET /api/gsi/state …
  GET /api/gsi/state — 1 мс
  GET /api/gsi/state …
  GET /api/gsi/state — 1 мс
  GET /api/gsi/state …
  GET /api/gsi/state — 0 мс
  GET /api/gsi/state …
  GET /api/gsi/state — 0 мс
  GET /api/gsi/state …
  GET /api/gsi/state — 1 мс
  GET /api/gsi/state …
  GET /api/gsi/state — 1 мс
  GET /api/gsi/state …
  GET /api/gsi/state — 1 мс
  GET /api/gsi/state …
  GET /api/gsi/state — 0 мс
  GET /api/gsi/state …
  GET /api/gsi/state — 1 мс
  GET /api/gsi/state …
  GET /api/gsi/state — 0 мс
  GET /api/gsi/state …
  GET /api/gsi/state — 0 мс
  GET /api/gsi/state …
  GET /api/gsi/state — 0 мс
  GET /api/gsi/state …
  GET /api/gsi/state — 0 мс
  GET /api/gsi/state …
  GET /api/gsi/state — 0 мс
  GET /api/gsi/state …
  GET /api/gsi/state — 1 мс
  GET /api/gsi/state …
  GET /api/gsi/state — 0 мс
  GET /api/gsi/state …
  GET /api/gsi/state — 0 мс
  GET /api/gsi/state …
  GET /api/gsi/state — 0 мс
  GET /api/gsi/state …
  GET /api/gsi/state — 0 мс
  GET /api/gsi/state …
  GET /api/gsi/state — 0 мс
  GET /api/gsi/state …
  GET /api/gsi/state — 0 мс
  GET /api/gsi/state …
  GET /api/gsi/state — 1 мс
  GET /api/gsi/state …
  GET /api/gsi/state — 0 мс
  GET /api/gsi/state …
  GET /api/gsi/state — 1 мс
  GET /api/gsi/state …
  GET /api/gsi/state — 0 мс
  GET /api/gsi/state …
  GET /api/gsi/state — 1 мс
  GET /api/gsi/state …
  GET /api/gsi/state — 0 мс
  GET /api/gsi/state …
  GET /api/gsi/state — 1 мс
  GET /api/gsi/state …
  GET /api/gsi/state — 0 мс
  GET /api/gsi/state …
  GET /api/gsi/state — 1 мс
  GET /api/gsi/state …
  GET /api/gsi/state — 0 мс
  GET /api/gsi/state …
  GET /api/gsi/state — 0 мс
  GET /api/gsi/state …
  GET /api/gsi/state — 1 мс
  GET /api/gsi/state …
  GET /api/gsi/state — 1 мс
  GET /api/gsi/state …
  GET /api/gsi/state — 1 мс
  GET /api/gsi/state …
  GET /api/gsi/state — 0 мс
  GET /api/gsi/state …
  GET /api/gsi/state — 0 мс
  GET /api/gsi/state …
  GET /api/gsi/state — 0 мс
  GET /api/gsi/state …
  GET /api/gsi/state — 1 мс
  GET /api/gsi/state …
  GET /api/gsi/state — 0 мс
  GET /api/gsi/state …
  GET /api/gsi/state — 0 мс
  GET /api/gsi/state …
  GET /api/gsi/state — 0 мс
  GET /api/gsi/state …
  GET /api/gsi/state — 0 мс
  GET /api/gsi/state …
  GET /api/gsi/state — 0 мс
  GET /api/gsi/state …
  GET /api/gsi/state — 0 мс
  GET /api/gsi/state …
  GET /api/gsi/state — 0 мс
  GET /api/gsi/state …
  GET /api/gsi/state — 1 мс
  GET /api/gsi/state …
  GET /api/gsi/state — 0 мс
  GET /api/gsi/state …
  GET /api/gsi/state — 0 мс
  GET /api/gsi/state …
  GET /api/gsi/state — 1 мс
  GET /api/gsi/state …
  GET /api/gsi/state — 1 мс
  GET /api/gsi/state …
  GET /api/gsi/state — 1 мс
  GET /api/gsi/state …
  GET /api/gsi/state — 0 мс
  GET /api/gsi/state …
  GET /api/gsi/state — 0 мс
  GET /api/gsi/state …
  GET /api/gsi/state — 1 мс
  GET /api/gsi/state …
  GET /api/gsi/state — 1 мс
  GET /api/gsi/state …
  GET /api/gsi/state — 1 мс
  GET /api/gsi/state …
  GET /api/gsi/state — 1 мс
  GET /api/gsi/state …
  GET /api/gsi/state — 1 мс
  GET /api/gsi/state …
  GET /api/gsi/state — 0 мс
  GET /api/gsi/state …
  GET /api/gsi/state — 0 мс
  GET /api/gsi/state …
  GET /api/gsi/state — 1 мс
  GET /api/gsi/state …
  GET /api/gsi/state — 1 мс
  GET /api/gsi/state …
  GET /api/gsi/state — 0 мс
  GET /api/gsi/state …
  GET /api/gsi/state — 0 мс
  GET /api/gsi/state …
  GET /api/gsi/state — 0 мс
  GET /api/gsi/state …
  GET /api/gsi/state — 0 мс
  GET /api/gsi/state …
  GET /api/gsi/state — 0 мс
  GET /api/gsi/state …
  GET /api/gsi/state — 1 мс
  GET /api/gsi/state …
  GET /api/gsi/state — 1 мс
  GET /api/gsi/state …
  GET /api/gsi/state — 1 мс
  GET /api/gsi/state …
  GET /api/gsi/state — 0 мс
  GET /api/gsi/state …
  GET /api/gsi/state — 1 мс
  GET /api/gsi/state …
  GET /api/gsi/state — 0 мс
  GET /api/gsi/state …
  GET /api/gsi/state — 0 мс
  GET /api/gsi/state …
  GET /api/gsi/state — 0 мс
  GET /api/gsi/state …
  GET /api/gsi/state — 1 мс
  GET /api/gsi/state …
  GET /api/gsi/state — 1 мс
  GET /api/gsi/state …
  GET /api/gsi/state — 0 мс
  GET /api/gsi/state …
  GET /api/gsi/state — 0 мс
  GET /api/gsi/state …
  GET /api/gsi/state — 1 мс
  GET /api/gsi/state …
  GET /api/gsi/state — 0 мс
  GET /api/gsi/state …
  GET /api/gsi/state — 0 мс
  GET /api/gsi/state …
  GET /api/gsi/state — 1 мс
  GET /api/gsi/state …
  GET /api/gsi/state — 0 мс
  GET /api/gsi/state …
  GET /api/gsi/state — 1 мс
  GET /api/gsi/state …
  GET /api/gsi/state — 0 мс
  GET /api/gsi/state …
  GET /api/gsi/state — 1 мс
  GET /api/gsi/state …
  GET /api/gsi/state — 0 мс
  GET /api/gsi/state …
  GET /api/gsi/state — 1 мс
  GET /api/gsi/state …
  GET /api/gsi/state — 0 мс
  GET /api/gsi/state …
  GET /api/gsi/state — 1 мс
  GET /api/gsi/state …
  GET /api/gsi/state — 0 мс
  GET /api/gsi/state …
  GET /api/gsi/state — 0 мс
  GET /api/gsi/state …
  GET /api/gsi/state — 0 мс
  GET /api/gsi/state …
  GET /api/gsi/state — 0 мс
  GET /api/gsi/state …
  GET /api/gsi/state — 0 мс
  GET /api/gsi/state …
  GET /api/gsi/state — 1 мс
  GET /api/gsi/state …
  GET /api/gsi/state — 0 мс
  GET /api/gsi/state …
  GET /api/gsi/state — 0 мс
  GET /api/gsi/state …
  GET /api/gsi/state — 1 мс
  GET /api/gsi/state …
  GET /api/gsi/state — 1 мс
  GET /api/gsi/state …
  GET /api/gsi/state — 1 мс
  GET /api/gsi/state …
  GET /api/gsi/state — 0 мс
  GET /api/gsi/state …
  GET /api/gsi/state — 1 мс
  GET /api/gsi/state …
  GET /api/gsi/state — 0 мс
  GET /api/gsi/state …
  GET /api/gsi/state — 1 мс
  GET /api/gsi/state …
  GET /api/gsi/state — 1 мс
  GET /api/gsi/state …
  GET /api/gsi/state — 1 мс
  GET /api/gsi/state …
  GET /api/gsi/state — 0 мс
  GET /api/gsi/state …
  GET /api/gsi/state — 0 мс
  GET /api/gsi/state …
  GET /api/gsi/state — 0 мс
  GET /api/gsi/state …
  GET /api/gsi/state — 0 мс
  GET /api/gsi/state …
  GET /api/gsi/state — 1 мс
  GET /api/gsi/state …
  GET /api/gsi/state — 0 мс
  GET /api/gsi/state …
  GET /api/gsi/state — 1 мс
  GET /api/gsi/state …
  GET /api/gsi/state — 0 мс
  GET /api/gsi/state …
  GET /api/gsi/state — 0 мс
  GET /api/gsi/state …
  GET /api/gsi/state — 0 мс
  GET /api/gsi/state …
  GET /api/gsi/state — 0 мс
  GET /api/gsi/state …
  GET /api/gsi/state — 1 мс
  GET /api/gsi/state …
  GET /api/gsi/state — 0 мс
  GET /api/gsi/state …
  GET /api/gsi/state — 0 мс
  GET /api/gsi/state …
  GET /api/gsi/state — 1 мс
  GET /api/gsi/state …
  GET /api/gsi/state — 1 мс
  GET /api/gsi/state …
  GET /api/gsi/state — 0 мс
  GET /api/gsi/state …
  GET /api/gsi/state — 1 мс
  GET /api/gsi/state …
  GET /api/gsi/state — 0 мс
  GET /api/gsi/state …
  GET /api/gsi/state — 0 мс
  GET /api/gsi/state …
  GET /api/gsi/state — 1 мс
  GET /api/gsi/state …
  GET /api/gsi/state — 0 мс
  GET /api/gsi/state …
  GET /api/gsi/state — 0 мс
  GET /api/gsi/state …
  GET /api/gsi/state — 1 мс
  GET /api/gsi/state …
  GET /api/gsi/state — 0 мс
  GET /api/gsi/state …
  GET /api/gsi/state — 0 мс
  GET /api/gsi/state …
  GET /api/gsi/state — 0 мс
  GET /api/gsi/state …
  GET /api/gsi/state — 1 мс
  GET /api/gsi/state …
  GET /api/gsi/state — 1 мс
  GET /api/gsi/state …
  GET /api/gsi/state — 1 мс
  GET /api/gsi/state …
  GET /api/gsi/state — 1 мс
  GET /api/gsi/state …
  GET /api/gsi/state — 1 мс
  GET /api/gsi/state …
  GET /api/gsi/state — 0 мс
  GET /api/gsi/state …
  GET /api/gsi/state — 1 мс
  GET /api/gsi/state …
  GET /api/gsi/state — 1 мс
  GET /api/gsi/state …
  GET /api/gsi/state — 1 мс
  GET /api/gsi/state …
  GET /api/gsi/state — 1 мс
  GET /api/gsi/state …
  GET /api/gsi/state — 0 мс
  GET /api/gsi/state …
  GET /api/gsi/state — 1 мс
  GET /api/gsi/state …
  GET /api/gsi/state — 1 мс
  GET /api/gsi/state …
  GET /api/gsi/state — 1 мс
  GET /api/gsi/state …
  GET /api/gsi/state — 0 мс
  GET /api/gsi/state …
  GET /api/gsi/state — 1 мс
  GET /api/gsi/state …
  GET /api/gsi/state — 0 мс
  GET /api/gsi/state …
  GET /api/gsi/state — 0 мс
  GET /api/gsi/state …
  GET /api/gsi/state — 0 мс
  GET /api/gsi/state …
  GET /api/gsi/state — 1 мс
  GET /api/gsi/state …
  GET /api/gsi/state — 0 мс
  GET /api/gsi/state …
  GET /api/gsi/state — 0 мс
  GET /api/gsi/state …
  GET /api/gsi/state — 0 мс
  GET /api/gsi/state …
  GET /api/gsi/state — 1 мс
  GET /api/gsi/state …
  GET /api/gsi/state — 0 мс
  GET /api/gsi/state …
  GET /api/gsi/state — 0 мс
  GET /api/gsi/state …
  GET /api/gsi/state — 1 мс
  GET /api/gsi/state …
  GET /api/gsi/state — 1 мс
  GET /api/gsi/state …
  GET /api/gsi/state — 1 мс
  GET /api/gsi/state …
  GET /api/gsi/state — 0 мс
  GET /api/gsi/state …
  GET /api/gsi/state — 0 мс
  GET /api/gsi/state …
  GET /api/gsi/state — 0 мс
  GET /api/gsi/state …
  GET /api/gsi/state — 1 мс
  GET /api/gsi/state …
  GET /api/gsi/state — 1 мс
  GET /api/gsi/state …
  GET /api/gsi/state — 0 мс
  GET /api/gsi/state …
  GET /api/gsi/state — 1 мс
  GET /api/gsi/state …
  GET /api/gsi/state — 1 мс
  GET /api/gsi/state …
  GET /api/gsi/state — 0 мс
  GET /api/gsi/state …
  GET /api/gsi/state — 0 мс
  GET /api/gsi/state …
  GET /api/gsi/state — 0 мс
  GET /api/gsi/state …
  GET /api/gsi/state — 1 мс
  GET /api/gsi/state …
  GET /api/gsi/state — 1 мс
  GET /api/gsi/state …
  GET /api/gsi/state — 0 мс
  GET /api/gsi/state …
  GET /api/gsi/state — 1 мс
  GET /api/gsi/state …
  GET /api/gsi/state — 0 мс
  GET /api/gsi/state …
  GET /api/gsi/state — 0 мс
  GET /api/gsi/state …
  GET /api/gsi/state — 0 мс
  GET /api/gsi/state …
  GET /api/gsi/state — 0 мс
  GET /api/gsi/state …
  GET /api/gsi/state — 1 мс
  GET /api/gsi/state …
  GET /api/gsi/state — 0 мс
  GET /api/gsi/state …
  GET /api/gsi/state — 1 мс
  GET /api/gsi/state …
  GET /api/gsi/state — 1 мс
  GET /api/gsi/state …
  GET /api/gsi/state — 1 мс
  GET /api/gsi/state …
  GET /api/gsi/state — 1 мс
  GET /api/gsi/state …
  GET /api/gsi/state — 0 мс
  GET /api/gsi/state …
  GET /api/gsi/state — 0 мс
  GET /api/gsi/state …
  GET /api/gsi/state — 0 мс
  GET /api/gsi/state …
  GET /api/gsi/state — 0 мс
  GET /api/gsi/state …
  GET /api/gsi/state — 1 мс
  GET /api/gsi/state …
  GET /api/gsi/state — 0 мс
  GET /api/gsi/state …
  GET /api/gsi/state — 0 мс
  GSI: сообщение #1 от игры, 175 байт
  GET /api/gsi/state …
  GET /api/gsi/state — 1 мс
  GET /api/gsi/state …
  GET /api/gsi/state — 0 мс
  GSI: сообщение #2 от игры, 1731 байт
  GET /api/gsi/state …
  GET /api/gsi/state — 1 мс
  GSI: сообщение #3 от игры, 1172 байт
  GET /api/gsi/state …
  GET /api/gsi/state — 1 мс
  GET /api/gsi/state …
  GET /api/gsi/state — 1 мс
  GSI: блок player на стадии выбора героя: {"steamid": "76561199426825797", "accountid": "1466560069", "name": "We're just flowers in the void", "activity": "playing", "kills": 0, "deaths": 0, "assists": 0, "last_hits": 0, "denies": 0, "kill_streak": 0, "commands_issued": 0, "kill_list": {}, "team_name": "dire", "player_slot": 3, "team_slot": 3, "gold": 600, "gold_reliable": 0, "gold_unreliable": 600, "gold_from_hero_kills": 0, "gold_from_creep_kills": 0, "gold_from_summon_kills": 0, "gold_from_income": 0, "gold_from_shared": 0, "gpm": 0, "xpm": 0}
  GET /api/gsi/state …
  GET /api/gsi/state — 0 мс
  GET /api/gsi/state …
  GET /api/gsi/state — 1 мс
  POST /api/vision/config …
  POST /api/vision/config — 1 мс
  POST /api/vision/start …
  POST /api/vision/start — 0 мс
  GET /api/gsi/state …
  GET /api/gsi/state — 0 мс
  GET /api/vision/state …
  GET /api/vision/state — 0 мс
  GET /api/gsi/state …
  GET /api/gsi/state — 0 мс
  GET /api/vision/state …
  GET /api/vision/state — 1 мс
  GET /api/vision/state …
  GET /api/vision/state — 0 мс
  GET /api/gsi/state …
  GET /api/gsi/state — 0 мс
  GET /api/vision/state …
  GET /api/vision/state — 1 мс
  POST /api/recommend …
  GET /api/vision/frame.jpg …
  GET /api/vision/frame.jpg — 1 мс
  POST /api/recommend — 56 мс
  GET /api/gsi/state …
  GET /api/gsi/state — 0 мс
  GET /api/vision/state …
  GET /api/vision/state — 1 мс
  GET /api/vision/state …
  GET /api/vision/state — 0 мс
  GET /api/gsi/state …
  GET /api/gsi/state — 1 мс
  GET /api/vision/state …
  GET /api/vision/state — 1 мс
  GET /api/gsi/state …
  GET /api/gsi/state — 1 мс
  GET /api/vision/state …
  GET /api/vision/state — 1 мс
  GET /api/vision/state …
  GET /api/vision/state — 1 мс
  GET /api/gsi/state …
  GET /api/gsi/state — 1 мс
  POST /api/vision/config …
  POST /api/vision/config — 0 мс
  POST /api/vision/start …
  POST /api/vision/start — 0 мс
  GET /api/vision/state …
  GET /api/vision/state — 0 мс
  GET /api/vision/frame.jpg …
  GET /api/vision/frame.jpg — 1 мс
  GET /api/gsi/state …
  GET /api/gsi/state — 0 мс
  GET /api/vision/state …
  GET /api/vision/state — 0 мс
  GET /api/gsi/state …
  GET /api/gsi/state — 0 мс
  GET /api/vision/state …
  GET /api/vision/state — 1 мс
  GET /api/vision/state …
  GET /api/vision/state — 1 мс
  GET /api/gsi/state …
  GET /api/gsi/state — 1 мс
  GET /api/vision/state …
  GET /api/vision/state — 1 мс
  GET /api/vision/frame.jpg …
  GET /api/vision/frame.jpg — 0 мс
  GET /api/gsi/state …
  GET /api/gsi/state — 0 мс
  GET /api/vision/state …
  GET /api/vision/state — 0 мс
  GET /api/vision/state …
  GET /api/vision/state — 0 мс
  GET /api/gsi/state …
  GET /api/gsi/state — 0 мс
  GET /api/vision/state …
  GET /api/vision/state — 0 мс
  GET /api/gsi/state …
  GET /api/gsi/state — 0 мс
  GET /api/vision/state …
  GET /api/vision/state — 1 мс
  GET /api/vision/state …
  GET /api/vision/state — 1 мс
  GET /api/gsi/state …
  GET /api/gsi/state — 0 мс
  GET /api/vision/state …
  GET /api/vision/state — 1 мс
  GSI: сообщение #100 от игры, 1160 байт
  GET /api/gsi/state …
  GET /api/gsi/state — 0 мс
  GET /api/vision/state …
  GET /api/vision/state — 1 мс
  GET /api/vision/state …
  GET /api/vision/state — 1 мс
  GET /api/gsi/state …
  GET /api/gsi/state — 0 мс
  GET /api/vision/state …
  GET /api/vision/state — 0 мс
  GET /api/gsi/state …
  GET /api/gsi/state — 1 мс
  GET /api/vision/state …
  GET /api/vision/state — 1 мс
  GET /api/vision/frame.jpg …
  GET /api/vision/frame.jpg — 0 мс
  GET /api/vision/state …
  GET /api/vision/state — 1 мс
  GET /api/gsi/state …
  GET /api/gsi/state — 0 мс
  GET /api/vision/state …
  GET /api/vision/state — 0 мс
  GET /api/gsi/state …
  GET /api/gsi/state — 0 мс
  GET /api/vision/state …
  GET /api/vision/state — 0 мс
  GET /api/vision/state …
  GET /api/vision/state — 1 мс
  GET /api/gsi/state …
  GET /api/gsi/state — 0 мс
  GET /api/vision/state …
  GET /api/vision/state — 0 мс
  GET /api/gsi/state …
  GET /api/gsi/state — 1 мс
  GET /api/vision/state …
  GET /api/vision/state — 1 мс
  GET /api/vision/state …
  GET /api/vision/state — 0 мс
  POST /api/recommend …
  GET /api/vision/frame.jpg …
  GET /api/vision/frame.jpg — 0 мс
  POST /api/recommend — 6 мс
  GET /api/gsi/state …
  GET /api/gsi/state — 1 мс
  GET /api/vision/state …
  GET /api/vision/state — 0 мс
  GET /api/gsi/state …
  GET /api/gsi/state — 0 мс
  GET /api/vision/state …
  GET /api/vision/state — 0 мс
  GET /api/vision/state …
  GET /api/vision/state — 1 мс
  GET /api/gsi/state …
  GET /api/gsi/state — 0 мс
  GET /api/vision/state …
  GET /api/vision/state — 0 мс
  POST /api/recommend …
  GET /api/vision/frame.jpg …
  GET /api/vision/frame.jpg — 1 мс
  POST /api/recommend — 8 мс
  GET /api/gsi/state …
  GET /api/gsi/state — 0 мс
  GET /api/vision/state …
  GET /api/vision/state — 0 мс
  GET /api/vision/state …
  GET /api/vision/state — 1 мс
  GET /api/gsi/state …
  GET /api/gsi/state — 0 мс
  GET /api/build …
  GET /api/vision/state …
  GET /api/vision/state — 1 мс
  GET /api/build — 1530 мс
  GET /api/skills …
  GET /api/skills — 206 мс
  GET /api/gsi/state …
  GET /api/gsi/state — 1 мс
  GET /api/vision/state …
  GET /api/vision/state — 0 мс
  GET /api/build …
  POST /api/recommend …
  GET /api/vision/frame.jpg …
  GET /api/vision/frame.jpg — 1 мс
  POST /api/recommend — 6 мс
  GET /api/build — 396 мс
  GET /api/skills …
  GET /api/skills — 3 мс
  GET /api/vision/state …
  GET /api/vision/state — 0 мс
  GET /api/gsi/state …
  GET /api/gsi/state — 1 мс
  GET /api/vision/state …
  GET /api/vision/state — 1 мс
  GET /api/gsi/state …
  GET /api/gsi/state — 0 мс
  GET /api/vision/state …
  GET /api/vision/state — 1 мс
  GET /api/vision/state …
  GET /api/vision/state — 0 мс
  GET /api/gsi/state …
  GET /api/gsi/state — 1 мс
  GET /api/vision/state …
  GET /api/vision/state — 0 мс
  GET /api/gsi/state …
  GET /api/gsi/state — 1 мс
  GET /api/vision/state …
  GET /api/vision/state — 0 мс
  GET /api/vision/state …
  GET /api/vision/state — 1 мс
  GET /api/gsi/state …
  GET /api/gsi/state — 1 мс
  GET /api/vision/state …
  GET /api/vision/state — 0 мс
  GET /api/gsi/state …
  GET /api/gsi/state — 1 мс
  GET /api/vision/state …
  GET /api/vision/state — 0 мс
  сеть: curl вернул код 28: curl: (28) Operation timed out after 45006 milliseconds with 23309 bytes received; показана копия из кэша для https://api.opendota.com/api/heroStats
  GET /api/vision/state …
  GET /api/vision/state — 0 мс
  GET /api/gsi/state …
  GET /api/gsi/state — 1 мс
  GET /api/vision/state …
  GET /api/vision/state — 0 мс
  GET /api/gsi/state …
  GET /api/gsi/state — 1 мс
  GET /api/vision/state …
  GET /api/vision/state — 1 мс
  GET /api/vision/state …
  GET /api/vision/state — 0 мс
  GET /api/gsi/state …
  GET /api/gsi/state — 0 мс
  GET /api/vision/state …
  GET /api/vision/state — 0 мс
  GET /api/gsi/state …
  GET /api/gsi/state — 1 мс
  GET /api/vision/state …
  GET /api/vision/state — 1 мс
  GET /api/vision/state …
  GET /api/vision/state — 1 мс
  GET /api/vision/frame.jpg …
  GET /api/vision/frame.jpg — 1 мс
  GET /api/gsi/state …
  GET /api/gsi/state — 1 мс
  GET /api/vision/state …
  GET /api/vision/state — 0 мс
  GET /api/gsi/state …
  GET /api/gsi/state — 1 мс
  GET /api/vision/state …
  GET /api/vision/state — 1 мс
  GET /api/vision/state …
  GET /api/vision/state — 0 мс
  GET /api/gsi/state …
  GET /api/gsi/state — 1 мс
  GET /api/vision/state …
  GET /api/vision/state — 0 мс
  GET /api/gsi/state …
  GET /api/gsi/state — 1 мс
  GET /api/vision/state …
  GET /api/vision/state — 1 мс
  GSI: сообщение #200 от игры, 1951 байт
  GET /api/vision/state …
  GET /api/vision/state — 1 мс
  GET /api/gsi/state …
  GET /api/gsi/state — 0 мс
  GET /api/vision/state …
  GET /api/vision/state — 1 мс
  GET /api/vision/frame.jpg …
  GET /api/vision/frame.jpg — 1 мс
  GET /api/gsi/state …
  GET /api/gsi/state — 0 мс
  GET /api/vision/state …
  GET /api/vision/state — 1 мс
  GET /api/vision/state …
  GET /api/vision/state — 1 мс
  GET /api/gsi/state …
  GET /api/gsi/state — 1 мс
  GET /api/vision/state …
  GET /api/vision/state — 0 мс
  GET /api/gsi/state …
  GET /api/gsi/state — 0 мс
  GET /api/vision/state …
  GET /api/vision/state — 0 мс
  GET /api/vision/state …
  GET /api/vision/state — 1 мс
  GET /api/gsi/state …
  GET /api/gsi/state — 1 мс
  GET /api/vision/state …
  GET /api/vision/state — 0 мс
  GET /api/gsi/state …
  GET /api/gsi/state — 0 мс
  GET /api/vision/state …
  GET /api/vision/state — 0 мс
  GET /api/vision/state …
  GET /api/vision/state — 1 мс
  GET /api/gsi/state …
  GET /api/gsi/state — 0 мс
  GET /api/vision/state …
  GET /api/vision/state — 1 мс
  GET /api/gsi/state …
  GET /api/gsi/state — 0 мс
  GET /api/vision/state …
  GET /api/vision/state — 0 мс
  GET /api/vision/state …
  GET /api/vision/state — 0 мс
  GET /api/gsi/state …
  GET /api/gsi/state — 1 мс
  GET /api/vision/state …
  GET /api/vision/state — 0 мс
  GET /api/gsi/state …
  GET /api/gsi/state — 1 мс
  GET /api/vision/state …
  GET /api/vision/state — 1 мс
  GET /api/vision/state …
  GET /api/vision/state — 0 мс
  GET /api/gsi/state …
  GET /api/gsi/state — 1 мс
  GET /api/vision/state …
  GET /api/vision/state — 0 мс
  GSI: сообщение #300 от игры, 1942 байт
  GET /api/gsi/state …
  GET /api/gsi/state — 1 мс
  GET /api/vision/state …
  GET /api/vision/state — 0 мс
  GET /api/vision/state …
  GET /api/vision/state — 1 мс
  GET /api/gsi/state …
  GET /api/gsi/state — 1 мс
  GET /api/vision/state …
  GET /api/vision/state — 0 мс
  GET /api/gsi/state …
  GET /api/gsi/state — 0 мс
  GET /api/vision/state …
  GET /api/vision/state — 0 мс
  GET /api/vision/state …
  GET /api/vision/state — 1 мс
  GET /api/gsi/state …
  GET /api/gsi/state — 0 мс
  GET /api/vision/state …
  GET /api/vision/state — 0 мс
  GET /api/gsi/state …
  GET /api/gsi/state — 1 мс
  GET /api/vision/state …
  GET /api/vision/state — 1 мс
  GET /api/vision/state …
  GET /api/vision/state — 1 мс
  GET /api/gsi/state …
  GET /api/gsi/state — 1 мс
  GET /api/vision/state …
  GET /api/vision/state — 0 мс
  GET /api/gsi/state …
  GET /api/gsi/state — 1 мс
  GET /api/vision/state …
  GET /api/vision/state — 0 мс
  GET /api/vision/state …
  GET /api/vision/state — 1 мс
  GET /api/gsi/state …
  GET /api/gsi/state — 1 мс
  GET /api/vision/state …
  GET /api/vision/state — 1 мс
  GET /api/gsi/state …
  GET /api/gsi/state — 1 мс
  GET /api/vision/state …
  GET /api/vision/state — 0 мс
  GET /api/vision/state …
  GET /api/vision/state — 0 мс
  GET /api/gsi/state …
  GET /api/gsi/state — 1 мс
  GET /api/vision/state …
  GET /api/vision/state — 0 мс
  GET /api/gsi/state …
  GET /api/gsi/state — 1 мс
  GET /api/vision/state …
  GET /api/vision/state — 0 мс
  GET /api/vision/state …
  GET /api/vision/state — 0 мс
  GET /api/gsi/state …
  GET /api/gsi/state — 1 мс
  сеть: curl вернул код 28: curl: (28) Operation timed out after 45011 milliseconds with 23258 bytes received; показана копия из кэша для https://api.opendota.com/api/heroStats
  GET /api/vision/state …
  GET /api/vision/state — 0 мс
  GET /api/gsi/state …
  GET /api/gsi/state — 1 мс
  GET /api/vision/state …
  GET /api/vision/state — 0 мс
  GET /api/vision/state …
  GET /api/vision/state — 1 мс
  GET /api/gsi/state …
  GET /api/gsi/state — 1 мс
  GET /api/vision/state …
  GET /api/vision/state — 0 мс
  GET /api/gsi/state …
  GET /api/gsi/state — 1 мс
  GET /api/vision/state …
  GET /api/vision/state — 0 мс
  GET /api/vision/state …
  GET /api/vision/state — 0 мс
  GET /api/gsi/state …
  GET /api/gsi/state — 1 мс
  GET /api/vision/state …
  GET /api/vision/state — 0 мс
  GSI: сообщение #400 от игры, 1986 байт
  GET /api/gsi/state …
  GET /api/gsi/state — 0 мс
  GET /api/vision/state …
  GET /api/vision/state — 0 мс
  GET /api/vision/state …
  GET /api/vision/state — 0 мс
  GET /api/gsi/state …
  GET /api/gsi/state — 1 мс
  GET /api/vision/state …
  GET /api/vision/state — 0 мс
  GET /api/gsi/state …
  GET /api/gsi/state — 1 мс
  GET /api/vision/state …
  GET /api/vision/state — 1 мс
  GET /api/vision/state …
  GET /api/vision/state — 1 мс
  GET /api/gsi/state …
  GET /api/gsi/state — 1 мс
  GET /api/vision/state …
  GET /api/vision/state — 1 мс
  GET /api/gsi/state …
  GET /api/gsi/state — 1 мс
  GET /api/vision/state …
  GET /api/vision/state — 0 мс
  GET /api/vision/state …
  GET /api/vision/state — 0 мс
  GET /api/gsi/state …
  GET /api/gsi/state — 1 мс
  GET /api/vision/state …
  GET /api/vision/state — 1 мс
  GET /api/gsi/state …
  GET /api/gsi/state — 1 мс
  GET /api/vision/state …
  GET /api/vision/state — 1 мс
  GET /api/vision/state …
  GET /api/vision/state — 1 мс
  GET /api/gsi/state …
  GET /api/gsi/state — 1 мс
  GET /api/vision/state …
  GET /api/vision/state — 0 мс
  GET /api/gsi/state …
  GET /api/gsi/state — 1 мс
  GET /api/vision/state …
  GET /api/vision/state — 0 мс
  GSI: сообщение #500 от игры, 2098 байт
  GET /api/vision/state …
  GET /api/vision/state — 1 мс
  GET /api/gsi/state …
  GET /api/gsi/state — 1 мс
  GET /api/vision/state …
  GET /api/vision/state — 0 мс
  GET /api/gsi/state …
  GET /api/gsi/state — 1 мс
  GET /api/vision/state …
  GET /api/vision/state — 1 мс
  GET /api/vision/state …
  GET /api/vision/state — 0 мс
  GET /api/gsi/state …
  GET /api/gsi/state — 1 мс
  GET /api/vision/state …
  GET /api/vision/state — 0 мс
  GET /api/gsi/state …
  GET /api/gsi/state — 1 мс
  GET /api/vision/state …
  GET /api/vision/state — 0 мс
  GET /api/vision/state …
  GET /api/vision/state — 1 мс
  GET /api/gsi/state …
  GET /api/gsi/state — 1 мс
  GET /api/vision/state …
  GET /api/vision/state — 0 мс
  GET /api/gsi/state …
  GET /api/gsi/state — 0 мс
  GET /api/vision/state …
  GET /api/vision/state — 0 мс
  GET /api/vision/state …
  GET /api/vision/state — 0 мс
  GET /api/gsi/state …
  GET /api/gsi/state — 0 мс
  GET /api/vision/state …
  GET /api/vision/state — 0 мс
  GET /api/gsi/state …
  GET /api/gsi/state — 1 мс
  GET /api/vision/state …
  GET /api/vision/state — 0 мс
  GET /api/vision/state …
  GET /api/vision/state — 0 мс
  GET /api/gsi/state …
  GET /api/gsi/state — 1 мс
  GSI: сообщение #600 от игры, 1993 байт
  GET /api/vision/state …
  GET /api/vision/state — 1 мс
  GET /api/gsi/state …
  GET /api/gsi/state — 1 мс
  GET /api/vision/state …
  GET /api/vision/state — 0 мс
  GET /api/vision/state …
  GET /api/vision/state — 0 мс
  GET /api/gsi/state …
  GET /api/gsi/state — 0 мс
  GET /api/vision/state …
  GET /api/vision/state — 1 мс
  GET /api/gsi/state …
  GET /api/gsi/state — 1 мс
  GET /api/vision/state …
  GET /api/vision/state — 0 мс
  GET /api/vision/state …
  GET /api/vision/state — 0 мс
  GET /api/gsi/state …
  GET /api/gsi/state — 1 мс
  GET /api/vision/state …
  GET /api/vision/state — 0 мс
  GET /api/gsi/state …
  GET /api/gsi/state — 1 мс
  GET /api/vision/state …
  GET /api/vision/state — 0 мс
  GET /api/vision/state …
  GET /api/vision/state — 0 мс
  GET /api/gsi/state …
  GET /api/gsi/state — 1 мс
  GET /api/vision/state …
  GET /api/vision/state — 0 мс
  GET /api/gsi/state …
  GET /api/gsi/state — 1 мс
  GET /api/vision/state …
  GET /api/vision/state — 0 мс
  GET /api/vision/state …
  GET /api/vision/state — 0 мс
  GET /api/gsi/state …
  GET /api/gsi/state — 1 мс
  GET /api/vision/state …
  GET /api/vision/state — 0 мс
  GSI: сообщение #700 от игры, 2139 байт
  GET /api/gsi/state …
  GET /api/gsi/state — 1 мс
  GET /api/vision/state …
  GET /api/vision/state — 0 мс
  GET /api/vision/state …
  GET /api/vision/state — 1 мс
  GET /api/gsi/state …
  GET /api/gsi/state — 1 мс
  GET /api/vision/state …
  GET /api/vision/state — 1 мс
  GET /api/gsi/state …
  GET /api/gsi/state — 1 мс
  GET /api/vision/state …
  GET /api/vision/state — 0 мс
  GET /api/vision/state …
  GET /api/vision/state — 0 мс
  GET /api/gsi/state …
  GET /api/gsi/state — 1 мс
  GET /api/vision/state …
  GET /api/vision/state — 0 мс
  сеть: curl вернул код 28: curl: (28) Operation timed out after 45007 milliseconds with 24701 bytes received; показана копия из кэша для https://api.opendota.com/api/heroStats
  GET /api/gsi/state …
  GET /api/gsi/state — 3 мс
  GET /api/vision/state …
  GET /api/vision/state — 1 мс
  GET /api/vision/state …
  GET /api/vision/state — 1 мс
  GET /api/gsi/state …
  GET /api/gsi/state — 1 мс
  GET /api/vision/state …
  GET /api/vision/state — 0 мс
  GET /api/gsi/state …
  GET /api/gsi/state — 0 мс
  GET /api/vision/state …
  GET /api/vision/state — 0 мс
  GET /api/vision/state …
  GET /api/vision/state — 0 мс
  GET /api/gsi/state …
  GET /api/gsi/state — 1 мс
  GET /api/vision/state …
  GET /api/vision/state — 0 мс
  GET /api/gsi/state …
  GET /api/gsi/state — 0 мс
  GET /api/vision/state …
  GET /api/vision/state — 0 мс
  GSI: сообщение #800 от игры, 2098 байт
  GET /api/vision/state …
  GET /api/vision/state — 0 мс
  GET /api/gsi/state …
  GET /api/gsi/state — 1 мс
  GET /api/vision/state …
  GET /api/vision/state — 1 мс
  GET /api/gsi/state …
  GET /api/gsi/state — 1 мс
  GET /api/vision/state …
  GET /api/vision/state — 0 мс
  GET /api/vision/state …
  GET /api/vision/state — 0 мс
  GET /api/gsi/state …
  GET /api/gsi/state — 1 мс
  GET /api/vision/state …
  GET /api/vision/state — 0 мс
  GET /api/gsi/state …
  GET /api/gsi/state — 1 мс
  GET /api/vision/state …
  GET /api/vision/state — 1 мс
  GET /api/vision/state …
  GET /api/vision/state — 0 мс
  GET /api/gsi/state …
  GET /api/gsi/state — 1 мс
  GET /api/vision/state …
  GET /api/vision/state — 0 мс
  GET /api/gsi/state …
  GET /api/gsi/state — 1 мс
  GET /api/vision/state …
  GET /api/vision/state — 0 мс
  GET /api/vision/state …
  GET /api/vision/state — 0 мс
  GET /api/gsi/state …
  GET /api/gsi/state — 0 мс
  GET /api/vision/state …
  GET /api/vision/state — 0 мс
  GET /api/gsi/state …
  GET /api/gsi/state — 1 мс
  GET /api/vision/state …
  GET /api/vision/state — 0 мс
  GET /api/vision/state …
  GET /api/vision/state — 0 мс
  GET /api/gsi/state …
  GET /api/gsi/state — 0 мс
  GSI: сообщение #900 от игры, 1998 байт
  GET /api/vision/state …
  GET /api/vision/state — 0 мс
  GET /api/gsi/state …
  GET /api/gsi/state — 1 мс
  GET /api/vision/state …
  GET /api/vision/state — 1 мс
  GET /api/vision/state …
  GET /api/vision/state — 0 мс
  GET /api/gsi/state …
  GET /api/gsi/state — 1 мс
  GET /api/vision/state …
  GET /api/vision/state — 0 мс
  GET /api/gsi/state …
  GET /api/gsi/state — 1 мс
  GET /api/vision/state …
  GET /api/vision/state — 1 мс
  GET /api/vision/state …
  GET /api/vision/state — 1 мс
  GET /api/gsi/state …
  GET /api/gsi/state — 0 мс
  GET /api/vision/state …
  GET /api/vision/state — 0 мс
  GET /api/gsi/state …
  GET /api/gsi/state — 1 мс
  GET /api/vision/state …
  GET /api/vision/state — 0 мс
  GET /api/vision/state …
  GET /api/vision/state — 1 мс
  GET /api/gsi/state …
  GET /api/gsi/state — 1 мс
  GET /api/vision/state …
  GET /api/vision/state — 1 мс
  GET /api/gsi/state …
  GET /api/gsi/state — 1 мс
  GET /api/vision/state …
  GET /api/vision/state — 0 мс
  GET /api/vision/state …
  GET /api/vision/state — 0 мс
  GET /api/gsi/state …
  GET /api/gsi/state — 1 мс
  GET /api/vision/state …
  GET /api/vision/state — 0 мс
  GSI: сообщение #1000 от игры, 1997 байт
  GET /api/gsi/state …
  GET /api/gsi/state — 1 мс
  GET /api/vision/state …
  GET /api/vision/state — 1 мс
  GET /api/vision/state …
  GET /api/vision/state — 1 мс
  GET /api/gsi/state …
  GET /api/gsi/state — 1 мс
  GET /api/vision/state …
  GET /api/vision/state — 1 мс
  GET /api/gsi/state …
  GET /api/gsi/state — 1 мс
  GET /api/vision/state …
  GET /api/vision/state — 0 мс
  GET /api/vision/state …
  GET /api/vision/state — 1 мс
  GET /api/gsi/state …
  GET /api/gsi/state — 1 мс
  GET /api/vision/state …
  GET /api/vision/state — 1 мс
  GET /api/gsi/state …
  GET /api/gsi/state — 1 мс
  GET /api/vision/state …
  GET /api/vision/state — 0 мс
  GET /api/vision/state …
  GET /api/vision/state — 0 мс
  GET /api/gsi/state …
  GET /api/gsi/state — 1 мс
  GET /api/vision/state …
  GET /api/vision/state — 1 мс
  GET /api/gsi/state …
  GET /api/gsi/state — 1 мс
  GET /api/vision/state …
  GET /api/vision/state — 1 мс
  GET /api/vision/state …
  GET /api/vision/state — 0 мс
  GET /api/gsi/state …
  GET /api/gsi/state — 1 мс
  GET /api/vision/state …
  GET /api/vision/state — 0 мс
  GET /api/gsi/state …
  GET /api/gsi/state — 1 мс
  сеть: curl вернул код 28: curl: (28) Operation timed out after 45009 milliseconds with 23370 bytes received; показана копия из кэша для https://api.opendota.com/api/heroStats
  GET /api/vision/state …
  GET /api/vision/state — 1 мс
  GSI: сообщение #1100 от игры, 2000 байт
  GET /api/vision/state …
  GET /api/vision/state — 0 мс
  GET /api/gsi/state …
  GET /api/gsi/state — 1 мс
  GET /api/vision/state …
  GET /api/vision/state — 0 мс
  GET /api/gsi/state …
  GET /api/gsi/state — 1 мс
  GET /api/vision/state …
  GET /api/vision/state — 1 мс
  GET /api/vision/state …
  GET /api/vision/state — 0 мс
  GET /api/gsi/state …
  GET /api/gsi/state — 1 мс
  GET /api/vision/state …
  GET /api/vision/state — 1 мс
  GET /api/gsi/state …
  GET /api/gsi/state — 0 мс
  GET /api/vision/state …
  GET /api/vision/state — 0 мс
  GET /api/vision/state …
  GET /api/vision/state — 0 мс
  GET /api/gsi/state …
  GET /api/gsi/state — 0 мс
  GET /api/vision/state …
  GET /api/vision/state — 1 мс
  GET /api/gsi/state …
  GET /api/gsi/state — 1 мс
  GET /api/vision/state …
  GET /api/vision/state — 1 мс
  GET /api/vision/state …
  GET /api/vision/state — 1 мс
  GET /api/gsi/state …
  GET /api/gsi/state — 0 мс
  GET /api/vision/state …
  GET /api/vision/state — 1 мс
  GET /api/gsi/state …
  GET /api/gsi/state — 0 мс
  GET /api/vision/state …
  GET /api/vision/state — 1 мс
  GET /api/vision/state …
  GET /api/vision/state — 1 мс
  GET /api/gsi/state …
  GET /api/gsi/state — 1 мс
  GET /api/vision/state …
  GET /api/vision/state — 0 мс
  GET /api/gsi/state …
  GET /api/gsi/state — 0 мс
  GET /api/vision/state …
  GET /api/vision/state — 1 мс
  GET /api/vision/state …
  GET /api/vision/state — 1 мс
  GET /api/gsi/state …
  GET /api/gsi/state — 1 мс
  GET /api/vision/state …
  GET /api/vision/state — 0 мс
  GET /api/gsi/state …
  GET /api/gsi/state — 1 мс
  GET /api/vision/state …
  GET /api/vision/state — 1 мс
  GET /api/vision/state …
  GET /api/vision/state — 0 мс
  GET /api/gsi/state …
  GET /api/gsi/state — 0 мс
  GET /api/vision/state …
  GET /api/vision/state — 0 мс
  GET /api/gsi/state …
  GET /api/gsi/state — 0 мс
  GET /api/vision/state …
  GET /api/vision/state — 1 мс
  GET /api/vision/state …
  GET /api/vision/state — 1 мс
  GET /api/gsi/state …
  GET /api/gsi/state — 0 мс
  GET /api/vision/state …
  GET /api/vision/state — 0 мс
  GET /api/gsi/state …
  GET /api/gsi/state — 1 мс
  GET /api/vision/state …
  GET /api/vision/state — 1 мс
  GET /api/vision/state …
  GET /api/vision/state — 0 мс
  GET /api/gsi/state …
  GET /api/gsi/state — 1 мс
  GET /api/vision/state …
  GET /api/vision/state — 0 мс
  GET /api/gsi/state …
  GET /api/gsi/state — 1 мс
  GET /api/vision/state …
  GET /api/vision/state — 1 мс
  GET /api/vision/state …
  GET /api/vision/state — 1 мс
  GET /api/gsi/state …
  GET /api/gsi/state — 0 мс
  GET /api/vision/state …
  GET /api/vision/state — 0 мс
  GET /api/gsi/state …
  GET /api/gsi/state — 1 мс
  GET /api/vision/state …
  GET /api/vision/state — 1 мс
  GET /api/vision/state …
  GET /api/vision/state — 0 мс
  GET /api/gsi/state …
  GET /api/gsi/state — 0 мс
  GET /api/vision/state …
  GET /api/vision/state — 0 мс
  GET /api/gsi/state …
  GET /api/gsi/state — 1 мс
  GET /api/vision/state …
  GET /api/vision/state — 0 мс
  GET /api/vision/state …
  GET /api/vision/state — 0 мс
  GET /api/gsi/state …
  GET /api/gsi/state — 1 мс
  GET /api/vision/state …
  GET /api/vision/state — 0 мс
  GET /api/gsi/state …
  GET /api/gsi/state — 1 мс
  GET /api/vision/state …
  GET /api/vision/state — 0 мс
  GET /api/vision/state …
  GET /api/vision/state — 0 мс
  GET /api/gsi/state …
  GET /api/gsi/state — 0 мс
  GET /api/vision/state …
  GET /api/vision/state — 1 мс
  GET /api/gsi/state …
  GET /api/gsi/state — 1 мс
  GET /api/vision/state …
  GET /api/vision/state — 0 мс
  GET /api/vision/state …
  GET /api/vision/state — 0 мс
  GET /api/gsi/state …
  GET /api/gsi/state — 1 мс
  GET /api/vision/state …
  GET /api/vision/state — 0 мс
  GET /api/gsi/state …
  GET /api/gsi/state — 0 мс
  GET /api/vision/state …
  GET /api/vision/state — 1 мс
  GSI: сообщение #1200 от игры, 2002 байт
  GET /api/vision/state …
  GET /api/vision/state — 0 мс
  GET /api/gsi/state …
  GET /api/gsi/state — 1 мс
  GET /api/vision/state …
  GET /api/vision/state — 1 мс
  GET /api/gsi/state …
  GET /api/gsi/state — 1 мс
  GET /api/vision/state …
  GET /api/vision/state — 0 мс
  GET /api/vision/state …
  GET /api/vision/state — 0 мс
  GET /api/gsi/state …
  GET /api/gsi/state — 1 мс
  сеть: curl вернул код 28: curl: (28) Operation timed out after 45009 milliseconds with 24745 bytes received; показана копия из кэша для https://api.opendota.com/api/heroStats
  GET /api/vision/state …
  GET /api/vision/state — 0 мс
  GET /api/gsi/state …
  GET /api/gsi/state — 1 мс
  GET /api/vision/state …
  GET /api/vision/state — 0 мс
  GET /api/vision/state …
  GET /api/vision/state — 0 мс
  GET /api/gsi/state …
  GET /api/gsi/state — 1 мс
  GET /api/vision/state …
  GET /api/vision/state — 0 мс
  GET /api/gsi/state …
  GET /api/gsi/state — 2 мс
  GET /api/vision/state …
  GET /api/vision/state — 1 мс
  GET /api/vision/state …
  GET /api/vision/state — 2 мс
  GET /api/gsi/state …
  GET /api/gsi/state — 0 мс
  GET /api/vision/state …
  GET /api/vision/state — 0 мс
  GET /api/gsi/state …
  GET /api/gsi/state — 1 мс
  GET /api/vision/state …
  GET /api/vision/state — 0 мс
  GET /api/vision/state …
  GET /api/vision/state — 0 мс
  GET /api/gsi/state …
  GET /api/gsi/state — 1 мс
  GSI: сообщение #1300 от игры, 2016 байт
  GET /api/vision/state …
  GET /api/vision/state — 2 мс
  GET /api/gsi/state …
  GET /api/gsi/state — 1 мс
  GET /api/vision/state …
  GET /api/vision/state — 0 мс
  GET /api/vision/state …
  GET /api/vision/state — 1 мс
  GET /api/gsi/state …
  GET /api/gsi/state — 0 мс
  GET /api/vision/state …
  GET /api/vision/state — 0 мс
  GET /api/gsi/state …
  GET /api/gsi/state — 1 мс
  GET /api/vision/state …
  GET /api/vision/state — 0 мс
  GET /api/vision/state …
  GET /api/vision/state — 0 мс
  GET /api/gsi/state …
  GET /api/gsi/state — 1 мс
  GET /api/vision/state …
  GET /api/vision/state — 0 мс
  GET /api/gsi/state …
  GET /api/gsi/state — 0 мс
  GET /api/vision/state …
  GET /api/vision/state — 0 мс
  GET /api/vision/state …
  GET /api/vision/state — 1 мс
  GET /api/gsi/state …
  GET /api/gsi/state — 0 мс
  GET /api/vision/state …
  GET /api/vision/state — 1 мс
  GET /api/gsi/state …
  GET /api/gsi/state — 0 мс
  GET /api/vision/state …
  GET /api/vision/state — 0 мс
  GET /api/vision/state …
  GET /api/vision/state — 1 мс
  GET /api/gsi/state …
  GET /api/gsi/state — 1 мс
  GET /api/vision/state …
  GET /api/vision/state — 0 мс
  GSI: сообщение #1400 от игры, 2093 байт
  GET /api/gsi/state …
  GET /api/gsi/state — 1 мс
  GET /api/vision/state …
  GET /api/vision/state — 0 мс
  GET /api/vision/state …
  GET /api/vision/state — 0 мс
  GET /api/gsi/state …
  GET /api/gsi/state — 2 мс
  GET /api/vision/state …
  GET /api/vision/state — 0 мс
  GET /api/gsi/state …
  GET /api/gsi/state — 0 мс
  GET /api/vision/state …
  GET /api/vision/state — 1 мс
  GET /api/vision/state …
  GET /api/vision/state — 0 мс
  GET /api/gsi/state …
  GET /api/gsi/state — 1 мс
  GET /api/vision/state …
  GET /api/vision/state — 0 мс
  GET /api/gsi/state …
  GET /api/gsi/state — 0 мс
  GET /api/vision/state …
  GET /api/vision/state — 0 мс
  GET /api/vision/state …
  GET /api/vision/state — 0 мс
  GET /api/gsi/state …
  GET /api/gsi/state — 0 мс
  GET /api/vision/state …
  GET /api/vision/state — 0 мс
  GET /api/gsi/state …
  GET /api/gsi/state — 0 мс
  GET /api/vision/state …
  GET /api/vision/state — 0 мс
  GET /api/vision/state …
  GET /api/vision/state — 1 мс
  GET /api/gsi/state …
  GET /api/gsi/state — 1 мс
  GET /api/vision/state …
  GET /api/vision/state — 0 мс
  GET /api/gsi/state …
  GET /api/gsi/state — 1 мс
  GET /api/vision/state …
  GET /api/vision/state — 0 мс
  GSI: сообщение #1500 от игры, 2108 байт
  GET /api/vision/state …
  GET /api/vision/state — 0 мс
  GET /api/gsi/state …
  GET /api/gsi/state — 1 мс
  GET /api/vision/state …
  GET /api/vision/state — 0 мс
  GET /api/gsi/state …
  GET /api/gsi/state — 0 мс
  GET /api/vision/state …
  GET /api/vision/state — 1 мс
  GET /api/vision/state …
  GET /api/vision/state — 1 мс
  GET /api/gsi/state …
  GET /api/gsi/state — 1 мс
  GET /api/vision/state …
  GET /api/vision/state — 0 мс
  GET /api/gsi/state …
  GET /api/gsi/state — 0 мс
  GET /api/vision/state …
  GET /api/vision/state — 0 мс
  GET /api/vision/state …
  GET /api/vision/state — 1 мс
  GET /api/gsi/state …
  GET /api/gsi/state — 1 мс
  GET /api/vision/state …
  GET /api/vision/state — 1 мс
  GET /api/gsi/state …
  GET /api/gsi/state — 0 мс
  GET /api/vision/state …
  GET /api/vision/state — 0 мс
  GET /api/vision/state …
  GET /api/vision/state — 1 мс
  GET /api/gsi/state …
  GET /api/gsi/state — 1 мс
  GET /api/vision/state …
  GET /api/vision/state — 0 мс
  GET /api/gsi/state …
  GET /api/gsi/state — 1 мс
  GET /api/vision/state …
  GET /api/vision/state — 0 мс
  сеть: curl вернул код 28: curl: (28) Operation timed out after 45006 milliseconds with 24711 bytes received; показана копия из кэша для https://api.opendota.com/api/heroStats
  GET /api/vision/state …
  GET /api/vision/state — 0 мс
  GSI: сообщение #1600 от игры, 2125 байт
  GET /api/gsi/state …
  GET /api/gsi/state — 2 мс
  GET /api/vision/state …
  GET /api/vision/state — 1 мс
  GET /api/gsi/state …
  GET /api/gsi/state — 1 мс
  GET /api/vision/state …
  GET /api/vision/state — 0 мс
  GET /api/vision/state …
  GET /api/vision/state — 1 мс
  GET /api/gsi/state …
  GET /api/gsi/state — 0 мс
  GET /api/vision/state …
  GET /api/vision/state — 0 мс
  GET /api/gsi/state …
  GET /api/gsi/state — 1 мс
  GET /api/vision/state …
  GET /api/vision/state — 0 мс
  GET /api/vision/state …
  GET /api/vision/state — 0 мс
  GET /api/gsi/state …
  GET /api/gsi/state — 0 мс
  GET /api/vision/state …
  GET /api/vision/state — 0 мс
  GET /api/gsi/state …
  GET /api/gsi/state — 0 мс
  GET /api/vision/state …
  GET /api/vision/state — 1 мс
  GET /api/vision/state …
  GET /api/vision/state — 1 мс
  GET /api/gsi/state …
  GET /api/gsi/state — 0 мс
  GET /api/vision/state …
  GET /api/vision/state — 0 мс
  GET /api/gsi/state …
  GET /api/gsi/state — 0 мс
  GET /api/vision/state …
  GET /api/vision/state — 0 мс
  GET /api/vision/state …
  GET /api/vision/state — 1 мс
  GET /api/gsi/state …
  GET /api/gsi/state — 2 мс
  GSI: сообщение #1700 от игры, 2099 байт
  GET /api/vision/state …
  GET /api/vision/state — 0 мс
  GET /api/gsi/state …
  GET /api/gsi/state — 0 мс
  GET /api/vision/state …
  GET /api/vision/state — 1 мс
  GET /api/vision/state …
  GET /api/vision/state — 0 мс
  GET /api/gsi/state …
  GET /api/gsi/state — 1 мс
  GET /api/vision/state …
  GET /api/vision/state — 0 мс
  GET /api/gsi/state …
  GET /api/gsi/state — 1 мс
  GET /api/vision/state …
  GET /api/vision/state — 1 мс
  GET /api/vision/state …
  GET /api/vision/state — 0 мс
  GET /api/gsi/state …
  GET /api/gsi/state — 1 мс
  GET /api/vision/state …
  GET /api/vision/state — 0 мс
  GET /api/gsi/state …
  GET /api/gsi/state — 0 мс
  GET /api/vision/state …
  GET /api/vision/state — 1 мс
  GET /api/vision/state …
  GET /api/vision/state — 0 мс
  GET /api/gsi/state …
  GET /api/gsi/state — 1 мс
  GET /api/vision/state …
  GET /api/vision/state — 0 мс
  GET /api/gsi/state …
  GET /api/gsi/state — 1 мс
  GET /api/vision/state …
  GET /api/vision/state — 0 мс
  GET /api/vision/state …
  GET /api/vision/state — 0 мс
  GET /api/gsi/state …
  GET /api/gsi/state — 0 мс
  GET /api/vision/state …
  GET /api/vision/state — 0 мс
  GSI: сообщение #1800 от игры, 2126 байт
  GET /api/gsi/state …
  GET /api/gsi/state — 0 мс
  GET /api/vision/state …
  GET /api/vision/state — 0 мс
  GET /api/vision/state …
  GET /api/vision/state — 0 мс
  GET /api/gsi/state …
  GET /api/gsi/state — 0 мс
  GET /api/vision/state …
  GET /api/vision/state — 1 мс
  GET /api/gsi/state …
  GET /api/gsi/state — 2 мс
  GET /api/vision/state …
  GET /api/vision/state — 1 мс
  GET /api/vision/state …
  GET /api/vision/state — 1 мс
  GET /api/gsi/state …
  GET /api/gsi/state — 1 мс
  GET /api/vision/state …
  GET /api/vision/state — 0 мс
  GET /api/gsi/state …
  GET /api/gsi/state — 1 мс
  GET /api/vision/state …
  GET /api/vision/state — 0 мс
  GET /api/vision/state …
  GET /api/vision/state — 0 мс
  GET /api/gsi/state …
  GET /api/gsi/state — 1 мс
  GET /api/vision/state …
  GET /api/vision/state — 1 мс
  GET /api/gsi/state …
  GET /api/gsi/state — 1 мс
  GET /api/vision/state …
  GET /api/vision/state — 0 мс
  GET /api/vision/state …
  GET /api/vision/state — 0 мс
  GET /api/gsi/state …
  GET /api/gsi/state — 1 мс
  GET /api/vision/state …
  GET /api/vision/state — 0 мс
  GET /api/gsi/state …
  GET /api/gsi/state — 1 мс
  GET /api/vision/state …
  GET /api/vision/state — 1 мс
  GSI: сообщение #1900 от игры, 2113 байт
  GET /api/vision/state …
  GET /api/vision/state — 0 мс
  GET /api/gsi/state …
  GET /api/gsi/state — 1 мс
  GET /api/vision/state …
  GET /api/vision/state — 0 мс
  GET /api/gsi/state …
  GET /api/gsi/state — 0 мс
  GET /api/vision/state …
  GET /api/vision/state — 0 мс
  GET /api/vision/state …
  GET /api/vision/state — 1 мс
  GET /api/gsi/state …
  GET /api/gsi/state — 1 мс
  GET /api/vision/state …
  GET /api/vision/state — 0 мс
  GET /api/gsi/state …
  GET /api/gsi/state — 1 мс
  GET /api/vision/state …
  GET /api/vision/state — 0 мс
  GET /api/vision/state …
  GET /api/vision/state — 1 мс
  GET /api/gsi/state …
  GET /api/gsi/state — 0 мс
  сеть: curl вернул код 28: curl: (28) Operation timed out after 45004 milliseconds with 24789 bytes received; показана копия из кэша для https://api.opendota.com/api/heroStats
  GET /api/vision/state …
  GET /api/vision/state — 0 мс
  GET /api/gsi/state …
  GET /api/gsi/state — 1 мс
  GET /api/vision/state …
  GET /api/vision/state — 1 мс
  GET /api/vision/state …
  GET /api/vision/state — 0 мс
  GET /api/gsi/state …
  GET /api/gsi/state — 0 мс
  GET /api/vision/state …
  GET /api/vision/state — 0 мс
  GET /api/gsi/state …
  GET /api/gsi/state — 1 мс
  GET /api/vision/state …
  GET /api/vision/state — 1 мс
  GSI: сообщение #2000 от игры, 2188 байт
  GET /api/vision/state …
  GET /api/vision/state — 0 мс
  GET /api/gsi/state …
  GET /api/gsi/state — 0 мс
  GET /api/vision/state …
  GET /api/vision/state — 1 мс
  GET /api/gsi/state …
  GET /api/gsi/state — 1 мс
  GET /api/vision/state …
  GET /api/vision/state — 0 мс
  GET /api/vision/state …
  GET /api/vision/state — 0 мс
  GET /api/gsi/state …
  GET /api/gsi/state — 0 мс
  GET /api/vision/state …
  GET /api/vision/state — 1 мс
  GET /api/gsi/state …
  GET /api/gsi/state — 1 мс
  GET /api/vision/state …
  GET /api/vision/state — 0 мс
  GET /api/vision/state …
  GET /api/vision/state — 0 мс
  GET /api/gsi/state …
  GET /api/gsi/state — 0 мс
  GET /api/vision/state …
  GET /api/vision/state — 0 мс
  GET /api/gsi/state …
  GET /api/gsi/state — 1 мс
  GET /api/vision/state …
  GET /api/vision/state — 0 мс
  GET /api/vision/state …
  GET /api/vision/state — 0 мс
  GET /api/gsi/state …
  GET /api/gsi/state — 1 мс
  GET /api/vision/state …
  GET /api/vision/state — 0 мс
  GET /api/gsi/state …
  GET /api/gsi/state — 0 мс
  GET /api/vision/state …
  GET /api/vision/state — 0 мс
  GET /api/vision/state …
  GET /api/vision/state — 0 мс
  GET /api/gsi/state …
  GET /api/gsi/state — 0 мс
  GSI: сообщение #2100 от игры, 2154 байт
  GET /api/vision/state …
  GET /api/vision/state — 1 мс
  GET /api/gsi/state …
  GET /api/gsi/state — 0 мс
  GET /api/vision/state …
  GET /api/vision/state — 0 мс
  GET /api/vision/state …
  GET /api/vision/state — 1 мс
  GET /api/gsi/state …
  GET /api/gsi/state — 0 мс
  GET /api/vision/state …
  GET /api/vision/state — 2 мс
  GET /api/gsi/state …
  GET /api/gsi/state — 0 мс
  GET /api/vision/state …
  GET /api/vision/state — 1 мс
  GET /api/vision/state …
  GET /api/vision/state — 1 мс
  GET /api/gsi/state …
  GET /api/gsi/state — 0 мс
  GET /api/vision/state …
  GET /api/vision/state — 0 мс
  GET /api/gsi/state …
  GET /api/gsi/state — 0 мс
  GET /api/vision/state …
  GET /api/vision/state — 0 мс
  GET /api/vision/state …
  GET /api/vision/state — 1 мс
  GET /api/gsi/state …
  GET /api/gsi/state — 0 мс
  GET /api/vision/state …
  GET /api/vision/state — 0 мс
  GET /api/gsi/state …
  GET /api/gsi/state — 1 мс
  GET /api/vision/state …
  GET /api/vision/state — 1 мс
  GET /api/vision/state …
  GET /api/vision/state — 0 мс
  GET /api/gsi/state …
  GET /api/gsi/state — 1 мс
  GET /api/vision/state …
  GET /api/vision/state — 0 мс
  GSI: сообщение #2200 от игры, 2138 байт
  GET /api/gsi/state …
  GET /api/gsi/state — 1 мс
  GET /api/vision/state …
  GET /api/vision/state — 0 мс
  GET /api/vision/state …
  GET /api/vision/state — 0 мс
  GET /api/gsi/state …
  GET /api/gsi/state — 0 мс
  GET /api/vision/state …
  GET /api/vision/state — 0 мс
  GET /api/gsi/state …
  GET /api/gsi/state — 1 мс
  GET /api/vision/state …
  GET /api/vision/state — 0 мс
  GET /api/vision/state …
  GET /api/vision/state — 0 мс
  GET /api/gsi/state …
  GET /api/gsi/state — 0 мс
  GET /api/vision/state …
  GET /api/vision/state — 0 мс
  GET /api/gsi/state …
  GET /api/gsi/state — 1 мс
  GET /api/vision/state …
  GET /api/vision/state — 1 мс
  GET /api/vision/state …
  GET /api/vision/state — 0 мс
  GET /api/gsi/state …
  GET /api/gsi/state — 1 мс
  GET /api/vision/state …
  GET /api/vision/state — 0 мс
  GET /api/gsi/state …
  GET /api/gsi/state — 0 мс
  GET /api/vision/state …
  GET /api/vision/state — 0 мс
  GET /api/vision/state …
  GET /api/vision/state — 0 мс
  GET /api/gsi/state …
  GET /api/gsi/state — 1 мс
  GET /api/vision/state …
  GET /api/vision/state — 0 мс
  GET /api/gsi/state …
  GET /api/gsi/state — 1 мс
  GET /api/vision/state …
  GET /api/vision/state — 0 мс
  GSI: сообщение #2300 от игры, 2095 байт
  GET /api/vision/state …
  GET /api/vision/state — 1 мс
  GET /api/gsi/state …
  GET /api/gsi/state — 1 мс
  GET /api/vision/state …
  GET /api/vision/state — 1 мс
  GET /api/gsi/state …
  GET /api/gsi/state — 0 мс
  GET /api/vision/state …
  GET /api/vision/state — 0 мс
  сеть: curl вернул код 28: curl: (28) Operation timed out after 45007 milliseconds with 24769 bytes received; показана копия из кэша для https://api.opendota.com/api/heroStats
  GET /api/vision/state …
  GET /api/vision/state — 0 мс
  GET /api/gsi/state …
  GET /api/gsi/state — 1 мс
  GET /api/vision/state …
  GET /api/vision/state — 0 мс
  GET /api/gsi/state …
  GET /api/gsi/state — 0 мс
  GET /api/vision/state …
  GET /api/vision/state — 0 мс
  GET /api/vision/state …
  GET /api/vision/state — 2 мс
  GET /api/gsi/state …
  GET /api/gsi/state — 1 мс
  GET /api/vision/state …
  GET /api/vision/state — 0 мс
  GET /api/gsi/state …
  GET /api/gsi/state — 0 мс
  GET /api/vision/state …
  GET /api/vision/state — 0 мс
  GET /api/vision/state …
  GET /api/vision/state — 0 мс
  GET /api/gsi/state …
  GET /api/gsi/state — 0 мс
  GET /api/vision/state …
  GET /api/vision/state — 0 мс
  GET /api/gsi/state …
  GET /api/gsi/state — 1 мс
  GET /api/vision/state …
  GET /api/vision/state — 0 мс
  GET /api/vision/state …
  GET /api/vision/state — 0 мс
  GSI: сообщение #2400 от игры, 2149 байт
  GET /api/gsi/state …
  GET /api/gsi/state — 1 мс
  GET /api/vision/state …
  GET /api/vision/state — 0 мс
  GET /api/gsi/state …
  GET /api/gsi/state — 0 мс
  GET /api/vision/state …
  GET /api/vision/state — 0 мс
  GET /api/vision/state …
  GET /api/vision/state — 0 мс
  GET /api/gsi/state …
  GET /api/gsi/state — 1 мс
  GET /api/vision/state …
  GET /api/vision/state — 1 мс
  GET /api/gsi/state …
  GET /api/gsi/state — 0 мс
  GET /api/vision/state …
  GET /api/vision/state — 0 мс
  GET /api/vision/state …
  GET /api/vision/state — 0 мс
  GET /api/gsi/state …
  GET /api/gsi/state — 0 мс
  GET /api/vision/state …
  GET /api/vision/state — 0 мс
  GET /api/gsi/state …
  GET /api/gsi/state — 0 мс
  GET /api/vision/state …
  GET /api/vision/state — 1 мс
  GET /api/vision/state …
  GET /api/vision/state — 0 мс
  GET /api/gsi/state …
  GET /api/gsi/state — 0 мс
  GET /api/vision/state …
  GET /api/vision/state — 1 мс
  GET /api/gsi/state …
  GET /api/gsi/state — 1 мс
  GET /api/vision/state …
  GET /api/vision/state — 0 мс
  GET /api/vision/state …
  GET /api/vision/state — 0 мс
  GET /api/gsi/state …
  GET /api/gsi/state — 1 мс
  GET /api/vision/state …
  GET /api/vision/state — 1 мс
  GSI: сообщение #2500 от игры, 2030 байт
  GET /api/gsi/state …
  GET /api/gsi/state — 1 мс
  GET /api/vision/state …
  GET /api/vision/state — 0 мс
  GET /api/vision/state …
  GET /api/vision/state — 0 мс
  GET /api/gsi/state …
  GET /api/gsi/state — 1 мс
  GET /api/vision/state …
  GET /api/vision/state — 2 мс
  GET /api/gsi/state …
  GET /api/gsi/state — 0 мс
  GET /api/vision/state …
  GET /api/vision/state — 0 мс
  GET /api/vision/state …
  GET /api/vision/state — 0 мс
  GET /api/gsi/state …
  GET /api/gsi/state — 0 мс
  GET /api/vision/state …
  GET /api/vision/state — 0 мс
  GET /api/gsi/state …
  GET /api/gsi/state — 1 мс
  GET /api/vision/state …
  GET /api/vision/state — 0 мс
  GET /api/vision/state …
  GET /api/vision/state — 1 мс
  GET /api/gsi/state …
  GET /api/gsi/state — 1 мс
  GET /api/vision/state …
  GET /api/vision/state — 0 мс
  GET /api/gsi/state …
  GET /api/gsi/state — 1 мс
  GET /api/vision/state …
  GET /api/vision/state — 0 мс
  GET /api/vision/state …
  GET /api/vision/state — 1 мс
  GET /api/gsi/state …
  GET /api/gsi/state — 1 мс
  GET /api/vision/state …
  GET /api/vision/state — 0 мс
  GET /api/gsi/state …
  GET /api/gsi/state — 0 мс
  GSI: сообщение #2600 от игры, 2220 байт
  GET /api/vision/state …
  GET /api/vision/state — 0 мс
  GET /api/vision/state …
  GET /api/vision/state — 0 мс
  GET /api/gsi/state …
  GET /api/gsi/state — 1 мс
  GET /api/vision/state …
  GET /api/vision/state — 0 мс
  GET /api/gsi/state …
  GET /api/gsi/state — 1 мс
  GET /api/vision/state …
  GET /api/vision/state — 0 мс
  GET /api/vision/state …
  GET /api/vision/state — 1 мс
  GET /api/gsi/state …
  GET /api/gsi/state — 1 мс
  GET /api/vision/state …
  GET /api/vision/state — 1 мс
  GET /api/gsi/state …
  GET /api/gsi/state — 1 мс
  GET /api/vision/state …
  GET /api/vision/state — 1 мс
  GET /api/vision/state …
  GET /api/vision/state — 0 мс
  GET /api/gsi/state …
  GET /api/gsi/state — 1 мс
  GET /api/vision/state …
  GET /api/vision/state — 1 мс
  GET /api/gsi/state …
  GET /api/gsi/state — 1 мс
  GET /api/vision/state …
  GET /api/vision/state — 0 мс
  GET /api/vision/state …
  GET /api/vision/state — 0 мс
  GET /api/gsi/state …
  GET /api/gsi/state — 1 мс
  сеть: curl вернул код 28: curl: (28) Operation timed out after 45012 milliseconds with 24698 bytes received; показана копия из кэша для https://api.opendota.com/api/heroStats
  GET /api/vision/state …
  GET /api/vision/state — 1 мс
  GET /api/gsi/state …
  GET /api/gsi/state — 0 мс
  GET /api/vision/state …
  GET /api/vision/state — 0 мс
  GSI: сообщение #2700 от игры, 2134 байт
  GET /api/vision/state …
  GET /api/vision/state — 0 мс
  GET /api/gsi/state …
  GET /api/gsi/state — 1 мс
  GET /api/vision/state …
  GET /api/vision/state — 0 мс
  GET /api/gsi/state …
  GET /api/gsi/state — 1 мс
  GET /api/vision/state …
  GET /api/vision/state — 0 мс
  GET /api/vision/state …
  GET /api/vision/state — 0 мс
  GET /api/gsi/state …
  GET /api/gsi/state — 1 мс
  GET /api/vision/state …
  GET /api/vision/state — 0 мс
  GET /api/gsi/state …
  GET /api/gsi/state — 2 мс
  GET /api/vision/state …
  GET /api/vision/state — 0 мс
  GET /api/vision/state …
  GET /api/vision/state — 0 мс
  GET /api/gsi/state …
  GET /api/gsi/state — 1 мс
  GET /api/vision/state …
  GET /api/vision/state — 1 мс
  GET /api/gsi/state …
  GET /api/gsi/state — 1 мс
  GET /api/vision/state …
  GET /api/vision/state — 0 мс
  GET /api/vision/state …
  GET /api/vision/state — 1 мс
  GET /api/gsi/state …
  GET /api/gsi/state — 1 мс
  GET /api/vision/state …
  GET /api/vision/state — 1 мс
  GET /api/gsi/state …
  GET /api/gsi/state — 1 мс
  GET /api/vision/state …
  GET /api/vision/state — 0 мс
  GET /api/vision/state …
  GET /api/vision/state — 0 мс
  GET /api/gsi/state …
  GET /api/gsi/state — 0 мс
  GET /api/vision/state …
  GET /api/vision/state — 0 мс
  GET /api/gsi/state …
  GET /api/gsi/state — 0 мс
  GSI: сообщение #2800 от игры, 2155 байт
  GET /api/vision/state …
  GET /api/vision/state — 0 мс
  GET /api/vision/state …
  GET /api/vision/state — 0 мс
  GET /api/gsi/state …
  GET /api/gsi/state — 1 мс
  GET /api/vision/state …
  GET /api/vision/state — 0 мс
  GET /api/gsi/state …
  GET /api/gsi/state — 0 мс
  GET /api/vision/state …
  GET /api/vision/state — 0 мс
  GET /api/vision/state …
  GET /api/vision/state — 1 мс
  GET /api/gsi/state …
  GET /api/gsi/state — 0 мс
  GET /api/vision/state …
  GET /api/vision/state — 0 мс
  GET /api/gsi/state …
  GET /api/gsi/state — 0 мс
  GET /api/vision/state …
  GET /api/vision/state — 0 мс
  GET /api/vision/state …
  GET /api/vision/state — 1 мс
  GET /api/gsi/state …
  GET /api/gsi/state — 0 мс
  GET /api/vision/state …
  GET /api/vision/state — 1 мс
  GET /api/gsi/state …
  GET /api/gsi/state — 1 мс
  GET /api/vision/state …
  GET /api/vision/state — 0 мс
  GET /api/vision/state …
  GET /api/vision/state — 0 мс
  GET /api/gsi/state …
  GET /api/gsi/state — 0 мс
  GET /api/vision/state …
  GET /api/vision/state — 1 мс
  GET /api/gsi/state …
  GET /api/gsi/state — 1 мс
  GET /api/vision/state …
  GET /api/vision/state — 1 мс
  GSI: сообщение #2900 от игры, 2065 байт
  GET /api/vision/state …
  GET /api/vision/state — 0 мс
  GET /api/gsi/state …
  GET /api/gsi/state — 0 мс
  GET /api/vision/state …
  GET /api/vision/state — 1 мс
  GET /api/gsi/state …
  GET /api/gsi/state — 0 мс
  GET /api/vision/state …
  GET /api/vision/state — 0 мс
  GET /api/vision/state …
  GET /api/vision/state — 0 мс
  GET /api/gsi/state …
  GET /api/gsi/state — 1 мс
  GET /api/vision/state …
  GET /api/vision/state — 0 мс
  GET /api/gsi/state …
  GET /api/gsi/state — 0 мс
  GET /api/vision/state …
  GET /api/vision/state — 0 мс
  GET /api/vision/state …
  GET /api/vision/state — 0 мс
  GET /api/gsi/state …
  GET /api/gsi/state — 0 мс
  GET /api/vision/state …
  GET /api/vision/state — 1 мс
  GET /api/gsi/state …
  GET /api/gsi/state — 1 мс
  GET /api/vision/state …
  GET /api/vision/state — 0 мс
  GET /api/vision/state …
  GET /api/vision/state — 0 мс
  GET /api/gsi/state …
  GET /api/gsi/state — 1 мс
  GET /api/vision/state …
  GET /api/vision/state — 0 мс
  GET /api/gsi/state …
  GET /api/gsi/state — 0 мс
  GET /api/vision/state …
  GET /api/vision/state — 0 мс
  GET /api/vision/state …
  GET /api/vision/state — 0 мс
  GET /api/gsi/state …
  GET /api/gsi/state — 0 мс
  GSI: сообщение #3000 от игры, 2094 байт
  GET /api/vision/state …
  GET /api/vision/state — 0 мс
  GET /api/gsi/state …
  GET /api/gsi/state — 1 мс
  GET /api/vision/state …
  GET /api/vision/state — 0 мс
  GET /api/vision/state …
  GET /api/vision/state — 0 мс
  GET /api/gsi/state …
  GET /api/gsi/state — 1 мс
  GET /api/vision/state …
  GET /api/vision/state — 0 мс
  GET /api/gsi/state …
  GET /api/gsi/state — 1 мс
  сеть: curl вернул код 28: curl: (28) Operation timed out after 45003 milliseconds with 24705 bytes received; показана копия из кэша для https://api.opendota.com/api/heroStats
  GET /api/vision/state …
  GET /api/vision/state — 0 мс
  GET /api/vision/state …
  GET /api/vision/state — 0 мс
  GET /api/gsi/state …
  GET /api/gsi/state — 0 мс
  GET /api/vision/state …
  GET /api/vision/state — 0 мс
  GET /api/gsi/state …
  GET /api/gsi/state — 1 мс
  GET /api/vision/state …
  GET /api/vision/state — 0 мс
  GET /api/vision/state …
  GET /api/vision/state — 0 мс
  GET /api/gsi/state …
  GET /api/gsi/state — 1 мс
  GET /api/vision/state …
  GET /api/vision/state — 0 мс
  GET /api/gsi/state …
  GET /api/gsi/state — 0 мс
  GET /api/vision/state …
  GET /api/vision/state — 0 мс
  GET /api/vision/state …
  GET /api/vision/state — 0 мс
  GET /api/gsi/state …
  GET /api/gsi/state — 1 мс
  GET /api/vision/state …
  GET /api/vision/state — 0 мс
  GSI: сообщение #3100 от игры, 2093 байт
  GET /api/gsi/state …
  GET /api/gsi/state — 0 мс
  GET /api/vision/state …
  GET /api/vision/state — 0 мс
  GET /api/vision/state …
  GET /api/vision/state — 1 мс
  GET /api/gsi/state …
  GET /api/gsi/state — 0 мс
  GET /api/vision/state …
  GET /api/vision/state — 1 мс
  GET /api/gsi/state …
  GET /api/gsi/state — 1 мс
  GET /api/vision/state …
  GET /api/vision/state — 0 мс
  GET /api/vision/state …
  GET /api/vision/state — 1 мс
  GET /api/gsi/state …
  GET /api/gsi/state — 1 мс
  GET /api/vision/state …
  GET /api/vision/state — 1 мс
  GET /api/gsi/state …
  GET /api/gsi/state — 1 мс
  GET /api/vision/state …
  GET /api/vision/state — 1 мс
  GET /api/vision/state …
  GET /api/vision/state — 0 мс
  GET /api/gsi/state …
  GET /api/gsi/state — 0 мс
  GET /api/vision/state …
  GET /api/vision/state — 0 мс
  GET /api/gsi/state …
  GET /api/gsi/state — 0 мс
  GET /api/vision/state …
  GET /api/vision/state — 1 мс
  GET /api/vision/state …
  GET /api/vision/state — 0 мс
  GET /api/gsi/state …
  GET /api/gsi/state — 0 мс
  GET /api/vision/state …
  GET /api/vision/state — 1 мс
  GET /api/gsi/state …
  GET /api/gsi/state — 0 мс
  GET /api/vision/state …
  GET /api/vision/state — 0 мс
  GSI: сообщение #3200 от игры, 2138 байт
  GET /api/vision/state …
  GET /api/vision/state — 0 мс
  GET /api/gsi/state …
  GET /api/gsi/state — 0 мс
  GET /api/vision/state …
  GET /api/vision/state — 0 мс
  GET /api/gsi/state …
  GET /api/gsi/state — 1 мс
  GET /api/vision/state …
  GET /api/vision/state — 1 мс
  GET /api/vision/state …
  GET /api/vision/state — 0 мс
  GET /api/gsi/state …
  GET /api/gsi/state — 0 мс
  GET /api/vision/state …
  GET /api/vision/state — 0 мс
  GET /api/gsi/state …
  GET /api/gsi/state — 1 мс
  GET /api/vision/state …
  GET /api/vision/state — 0 мс
  GET /api/vision/state …
  GET /api/vision/state — 0 мс
  GET /api/gsi/state …
  GET /api/gsi/state — 1 мс
  GET /api/vision/state …
  GET /api/vision/state — 0 мс
  GET /api/gsi/state …
  GET /api/gsi/state — 2 мс
  GET /api/vision/state …
  GET /api/vision/state — 1 мс
  GET /api/vision/state …
  GET /api/vision/state — 0 мс
  GET /api/gsi/state …
  GET /api/gsi/state — 0 мс
  GET /api/vision/state …
  GET /api/vision/state — 1 мс
  GET /api/gsi/state …
  GET /api/gsi/state — 1 мс
  GET /api/vision/state …
  GET /api/vision/state — 0 мс
  GSI: сообщение #3300 от игры, 2162 байт
  GET /api/vision/state …
  GET /api/vision/state — 0 мс
  GET /api/gsi/state …
  GET /api/gsi/state — 1 мс
  GET /api/vision/state …
  GET /api/vision/state — 0 мс
  GET /api/gsi/state …
  GET /api/gsi/state — 0 мс
  GET /api/vision/state …
  GET /api/vision/state — 0 мс
  GET /api/vision/state …
  GET /api/vision/state — 0 мс
  GET /api/gsi/state …
  GET /api/gsi/state — 2 мс
  GET /api/vision/state …
  GET /api/vision/state — 0 мс
  GET /api/gsi/state …
  GET /api/gsi/state — 1 мс
  GET /api/vision/state …
  GET /api/vision/state — 0 мс
  GET /api/vision/state …
  GET /api/vision/state — 2 мс
  GET /api/gsi/state …
  GET /api/gsi/state — 0 мс
  GET /api/vision/state …
  GET /api/vision/state — 2 мс
  GET /api/gsi/state …
  GET /api/gsi/state — 1 мс
  GET /api/vision/state …
  GET /api/vision/state — 0 мс
  GET /api/vision/state …
  GET /api/vision/state — 0 мс
  GET /api/gsi/state …
  GET /api/gsi/state — 1 мс
  GET /api/vision/state …
  GET /api/vision/state — 1 мс
  GET /api/gsi/state …
  GET /api/gsi/state — 0 мс
  GET /api/vision/state …
  GET /api/vision/state — 0 мс
  GET /api/vision/state …
  GET /api/vision/state — 0 мс
  GET /api/gsi/state …
  GET /api/gsi/state — 2 мс
  сеть: curl вернул код 28: curl: (28) Operation timed out after 45012 milliseconds with 23303 bytes received; показана копия из кэша для https://api.opendota.com/api/heroStats
  GSI: сообщение #3400 от игры, 2185 байт
  GET /api/vision/state …
  GET /api/vision/state — 0 мс
  GET /api/gsi/state …
  GET /api/gsi/state — 1 мс
  GET /api/vision/state …
  GET /api/vision/state — 1 мс
  GET /api/vision/state …
  GET /api/vision/state — 0 мс
  GET /api/gsi/state …
  GET /api/gsi/state — 1 мс
  GET /api/vision/state …
  GET /api/vision/state — 0 мс
  GET /api/gsi/state …
  GET /api/gsi/state — 0 мс
  GET /api/vision/state …
  GET /api/vision/state — 0 мс
  GET /api/vision/state …
  GET /api/vision/state — 0 мс
  GET /api/gsi/state …
  GET /api/gsi/state — 0 мс
  GET /api/vision/state …
  GET /api/vision/state — 1 мс
  GET /api/gsi/state …
  GET /api/gsi/state — 1 мс
  GET /api/vision/state …
  GET /api/vision/state — 0 мс
  GET /api/vision/state …
  GET /api/vision/state — 0 мс
  GET /api/gsi/state …
  GET /api/gsi/state — 1 мс
  GET /api/vision/state …
  GET /api/vision/state — 0 мс
  GET /api/gsi/state …
  GET /api/gsi/state — 0 мс
  GET /api/vision/state …
  GET /api/vision/state — 1 мс
  GET /api/vision/state …
  GET /api/vision/state — 0 мс
  GET /api/gsi/state …
  GET /api/gsi/state — 1 мс
  GET /api/vision/state …
  GET /api/vision/state — 0 мс
  GSI: сообщение #3500 от игры, 2037 байт
  GET /api/gsi/state …
  GET /api/gsi/state — 1 мс
  GET /api/vision/state …
  GET /api/vision/state — 1 мс
  GET /api/vision/state …
  GET /api/vision/state — 1 мс
  GET /api/gsi/state …
  GET /api/gsi/state — 1 мс
  GET /api/vision/state …
  GET /api/vision/state — 1 мс
  GET /api/gsi/state …
  GET /api/gsi/state — 1 мс
  GET /api/vision/state …
  GET /api/vision/state — 0 мс
  GET /api/vision/state …
  GET /api/vision/state — 0 мс
  GET /api/gsi/state …
  GET /api/gsi/state — 1 мс
  GET /api/vision/state …
  GET /api/vision/state — 1 мс
  GET /api/gsi/state …
  GET /api/gsi/state — 0 мс
  GET /api/vision/state …
  GET /api/vision/state — 0 мс
  GET /api/vision/state …
  GET /api/vision/state — 0 мс
  GET /api/gsi/state …
  GET /api/gsi/state — 1 мс
  GET /api/vision/state …
  GET /api/vision/state — 0 мс
  GET /api/gsi/state …
  GET /api/gsi/state — 1 мс
  GET /api/vision/state …
  GET /api/vision/state — 0 мс
  GET /api/vision/state …
  GET /api/vision/state — 0 мс
  GET /api/gsi/state …
  GET /api/gsi/state — 1 мс
  GET /api/vision/state …
  GET /api/vision/state — 1 мс
  GET /api/gsi/state …
  GET /api/gsi/state — 0 мс
  GET /api/vision/state …
  GET /api/vision/state — 1 мс
  GSI: сообщение #3600 от игры, 2109 байт
  GET /api/vision/state …
  GET /api/vision/state — 1 мс
  GET /api/gsi/state …
  GET /api/gsi/state — 1 мс
  GET /api/vision/state …
  GET /api/vision/state — 0 мс
  GET /api/gsi/state …
  GET /api/gsi/state — 0 мс
  GET /api/vision/state …
  GET /api/vision/state — 0 мс
  GET /api/vision/state …
  GET /api/vision/state — 1 мс
  GET /api/gsi/state …
  GET /api/gsi/state — 0 мс
  GET /api/vision/state …
  GET /api/vision/state — 0 мс
  GET /api/gsi/state …
  GET /api/gsi/state — 0 мс
  GET /api/vision/state …
  GET /api/vision/state — 0 мс
  GET /api/vision/state …
  GET /api/vision/state — 1 мс
  GET /api/gsi/state …
  GET /api/gsi/state — 1 мс
  GET /api/vision/state …
  GET /api/vision/state — 1 мс
  GET /api/gsi/state …
  GET /api/gsi/state — 1 мс
  GET /api/vision/state …
  GET /api/vision/state — 1 мс
  GET /api/vision/state …
  GET /api/vision/state — 0 мс
  GET /api/gsi/state …
  GET /api/gsi/state — 1 мс
  GET /api/vision/state …
  GET /api/vision/state — 0 мс
  GET /api/gsi/state …
  GET /api/gsi/state — 1 мс
  GET /api/vision/state …
  GET /api/vision/state — 0 мс
  GSI: сообщение #3700 от игры, 2047 байт
  GET /api/vision/state …
  GET /api/vision/state — 0 мс
  GET /api/gsi/state …
  GET /api/gsi/state — 0 мс
  GET /api/vision/state …
  GET /api/vision/state — 1 мс
  GET /api/gsi/state …
  GET /api/gsi/state — 1 мс
  GET /api/vision/state …
  GET /api/vision/state — 0 мс
  GET /api/vision/state …
  GET /api/vision/state — 0 мс
  GET /api/gsi/state …
  GET /api/gsi/state — 0 мс
  GET /api/vision/state …
  GET /api/vision/state — 0 мс
  GET /api/gsi/state …
  GET /api/gsi/state — 1 мс
  GET /api/vision/state …
  GET /api/vision/state — 0 мс
  GET /api/vision/state …
  GET /api/vision/state — 0 мс
  GET /api/gsi/state …
  GET /api/gsi/state — 1 мс
  GET /api/vision/state …
  GET /api/vision/state — 1 мс
  GET /api/gsi/state …
  GET /api/gsi/state — 1 мс
  GET /api/vision/state …
  GET /api/vision/state — 1 мс
  сеть: curl вернул код 28: curl: (28) Operation timed out after 45011 milliseconds with 24669 bytes received; показана копия из кэша для https://api.opendota.com/api/heroStats
  GET /api/vision/state …
  GET /api/vision/state — 0 мс
  GET /api/gsi/state …
  GET /api/gsi/state — 1 мс
  GET /api/vision/state …
  GET /api/vision/state — 0 мс
  GET /api/gsi/state …
  GET /api/gsi/state — 1 мс
  GET /api/vision/state …
  GET /api/vision/state — 0 мс
  GET /api/vision/state …
  GET /api/vision/state — 0 мс
  GET /api/gsi/state …
  GET /api/gsi/state — 0 мс
  GSI: сообщение #3800 от игры, 2331 байт
  GET /api/vision/state …
  GET /api/vision/state — 0 мс
  GET /api/gsi/state …
  GET /api/gsi/state — 0 мс
  GET /api/vision/state …
  GET /api/vision/state — 1 мс
  GET /api/vision/state …
  GET /api/vision/state — 1 мс
  GET /api/gsi/state …
  GET /api/gsi/state — 0 мс
  GET /api/vision/state …
  GET /api/vision/state — 0 мс
  GET /api/gsi/state …
  GET /api/gsi/state — 1 мс
  GET /api/vision/state …
  GET /api/vision/state — 0 мс
  GET /api/vision/state …
  GET /api/vision/state — 0 мс
  GET /api/gsi/state …
  GET /api/gsi/state — 1 мс
  GET /api/vision/state …
  GET /api/vision/state — 0 мс
  GET /api/gsi/state …
  GET /api/gsi/state — 1 мс
  GET /api/vision/state …
  GET /api/vision/state — 0 мс
  GET /api/vision/state …
  GET /api/vision/state — 1 мс
  GET /api/gsi/state …
  GET /api/gsi/state — 1 мс
  GET /api/vision/state …
  GET /api/vision/state — 0 мс
  GET /api/gsi/state …
  GET /api/gsi/state — 0 мс
  GET /api/vision/state …
  GET /api/vision/state — 0 мс
  GET /api/vision/state …
  GET /api/vision/state — 0 мс
  GET /api/gsi/state …
  GET /api/gsi/state — 0 мс
  GET /api/vision/state …
  GET /api/vision/state — 0 мс
  GSI: сообщение #3900 от игры, 2296 байт
  GET /api/gsi/state …
  GET /api/gsi/state — 0 мс
  GET /api/vision/state …
  GET /api/vision/state — 0 мс
  GET /api/vision/state …
  GET /api/vision/state — 0 мс
  GET /api/gsi/state …
  GET /api/gsi/state — 1 мс
  GET /api/vision/state …
  GET /api/vision/state — 0 мс
  GET /api/gsi/state …
  GET /api/gsi/state — 0 мс
  GET /api/vision/state …
  GET /api/vision/state — 0 мс
  GET /api/vision/state …
  GET /api/vision/state — 0 мс
  GET /api/gsi/state …
  GET /api/gsi/state — 0 мс
  GET /api/vision/state …
  GET /api/vision/state — 0 мс
  GET /api/gsi/state …
  GET /api/gsi/state — 2 мс
  GET /api/vision/state …
  GET /api/vision/state — 1 мс
  GET /api/vision/state …
  GET /api/vision/state — 0 мс
  GET /api/gsi/state …
  GET /api/gsi/state — 0 мс
  GET /api/vision/state …
  GET /api/vision/state — 0 мс
  GET /api/gsi/state …
  GET /api/gsi/state — 0 мс
  GET /api/vision/state …
  GET /api/vision/state — 0 мс
  GET /api/vision/state …
  GET /api/vision/state — 0 мс
  GET /api/gsi/state …
  GET /api/gsi/state — 0 мс
  GET /api/vision/state …
  GET /api/vision/state — 0 мс
  GET /api/gsi/state …
  GET /api/gsi/state — 1 мс
  GET /api/vision/state …
  GET /api/vision/state — 1 мс
  GSI: сообщение #4000 от игры, 2156 байт
  GET /api/vision/state …
  GET /api/vision/state — 1 мс
  GET /api/gsi/state …
  GET /api/gsi/state — 1 мс
  GET /api/vision/state …
  GET /api/vision/state — 1 мс
  GET /api/gsi/state …
  GET /api/gsi/state — 1 мс
  GET /api/vision/state …
  GET /api/vision/state — 0 мс
  GET /api/vision/state …
  GET /api/vision/state — 1 мс
  GET /api/gsi/state …
  GET /api/gsi/state — 1 мс
  GET /api/vision/state …
  GET /api/vision/state — 0 мс
  GET /api/gsi/state …
  GET /api/gsi/state — 1 мс
  GET /api/vision/state …
  GET /api/vision/state — 0 мс
  GET /api/vision/state …
  GET /api/vision/state — 0 мс
  GET /api/gsi/state …
  GET /api/gsi/state — 1 мс
  GET /api/vision/state …
  GET /api/vision/state — 0 мс
  GET /api/gsi/state …
  GET /api/gsi/state — 1 мс
  GET /api/vision/state …
  GET /api/vision/state — 0 мс
  GET /api/vision/state …
  GET /api/vision/state — 0 мс
  GET /api/gsi/state …
  GET /api/gsi/state — 2 мс
  GET /api/vision/state …
  GET /api/vision/state — 2 мс
  GET /api/gsi/state …
  GET /api/gsi/state — 0 мс
  GET /api/vision/state …
  GET /api/vision/state — 0 мс
  GET /api/vision/state …
  GET /api/vision/state — 0 мс
  GSI: сообщение #4100 от игры, 2124 байт
  GET /api/gsi/state …
  GET /api/gsi/state — 0 мс
  GET /api/vision/state …
  GET /api/vision/state — 0 мс
  GET /api/gsi/state …
  GET /api/gsi/state — 1 мс
  GET /api/vision/state …
  GET /api/vision/state — 0 мс
  GET /api/vision/state …
  GET /api/vision/state — 0 мс
  GET /api/gsi/state …
  GET /api/gsi/state — 1 мс
  сеть: curl вернул код 28: curl: (28) Operation timed out after 45015 milliseconds with 24749 bytes received; показана копия из кэша для https://api.opendota.com/api/heroStats
  GET /api/vision/state …
  GET /api/vision/state — 0 мс
  GET /api/gsi/state …
  GET /api/gsi/state — 0 мс
  GET /api/vision/state …
  GET /api/vision/state — 2 мс
  GET /api/vision/state …
  GET /api/vision/state — 0 мс
  GET /api/gsi/state …
  GET /api/gsi/state — 1 мс
  GET /api/vision/state …
  GET /api/vision/state — 1 мс
  GET /api/gsi/state …
  GET /api/gsi/state — 0 мс
  GET /api/vision/state …
  GET /api/vision/state — 2 мс
  GET /api/vision/state …
  GET /api/vision/state — 0 мс
  GET /api/gsi/state …
  GET /api/gsi/state — 0 мс
  GET /api/vision/state …
  GET /api/vision/state — 0 мс
  GET /api/gsi/state …
  GET /api/gsi/state — 1 мс
  GET /api/vision/state …
  GET /api/vision/state — 2 мс
  GET /api/vision/state …
  GET /api/vision/state — 0 мс
  GET /api/gsi/state …
  GET /api/gsi/state — 1 мс
  GET /api/vision/state …
  GET /api/vision/state — 1 мс
  GSI: сообщение #4200 от игры, 2263 байт
  GET /api/gsi/state …
  GET /api/gsi/state — 1 мс
  GET /api/vision/state …
  GET /api/vision/state — 1 мс
  GET /api/vision/state …
  GET /api/vision/state — 0 мс
  GET /api/gsi/state …
  GET /api/gsi/state — 1 мс
  GET /api/vision/state …
  GET /api/vision/state — 0 мс
  GET /api/gsi/state …
  GET /api/gsi/state — 0 мс
  GET /api/vision/state …
  GET /api/vision/state — 1 мс
  GET /api/vision/state …
  GET /api/vision/state — 0 мс
  GET /api/gsi/state …
  GET /api/gsi/state — 1 мс
  GET /api/vision/state …
  GET /api/vision/state — 0 мс
  GET /api/gsi/state …
  GET /api/gsi/state — 0 мс
  GET /api/vision/state …
  GET /api/vision/state — 0 мс
  GET /api/vision/state …
  GET /api/vision/state — 0 мс
  GET /api/gsi/state …
  GET /api/gsi/state — 0 мс
  GET /api/vision/state …
  GET /api/vision/state — 0 мс
  GET /api/gsi/state …
  GET /api/gsi/state — 1 мс
  GET /api/vision/state …
  GET /api/vision/state — 1 мс
  GET /api/vision/state …
  GET /api/vision/state — 0 мс
  GET /api/gsi/state …
  GET /api/gsi/state — 1 мс
  GET /api/vision/state …
  GET /api/vision/state — 0 мс
  GET /api/gsi/state …
  GET /api/gsi/state — 0 мс
  GSI: сообщение #4300 от игры, 2229 байт
  GET /api/vision/state …
  GET /api/vision/state — 1 мс
  GET /api/vision/state …
  GET /api/vision/state — 0 мс
  GET /api/gsi/state …
  GET /api/gsi/state — 1 мс
  GET /api/vision/state …
  GET /api/vision/state — 1 мс
  GET /api/gsi/state …
  GET /api/gsi/state — 1 мс
  GET /api/vision/state …
  GET /api/vision/state — 0 мс
  GET /api/vision/state …
  GET /api/vision/state — 0 мс
  GET /api/gsi/state …
  GET /api/gsi/state — 0 мс
  GET /api/vision/state …
  GET /api/vision/state — 0 мс
  GET /api/gsi/state …
  GET /api/gsi/state — 1 мс
  GET /api/vision/state …
  GET /api/vision/state — 0 мс
  GET /api/vision/state …
  GET /api/vision/state — 0 мс
  GET /api/gsi/state …
  GET /api/gsi/state — 1 мс
  GET /api/vision/state …
  GET /api/vision/state — 0 мс
  GET /api/gsi/state …
  GET /api/gsi/state — 0 мс
  GET /api/vision/state …
  GET /api/vision/state — 2 мс
  GET /api/vision/state …
  GET /api/vision/state — 0 мс
  GET /api/gsi/state …
  GET /api/gsi/state — 0 мс
  GET /api/vision/state …
  GET /api/vision/state — 0 мс
  GET /api/gsi/state …
  GET /api/gsi/state — 1 мс
  GET /api/vision/state …
  GET /api/vision/state — 1 мс
  GSI: сообщение #4400 от игры, 2263 байт
  GET /api/vision/state …
  GET /api/vision/state — 1 мс
  GET /api/gsi/state …
  GET /api/gsi/state — 0 мс
  GET /api/vision/state …
  GET /api/vision/state — 1 мс
  GET /api/gsi/state …
  GET /api/gsi/state — 0 мс
  GET /api/vision/state …
  GET /api/vision/state — 0 мс
  GET /api/vision/state …
  GET /api/vision/state — 0 мс
  GET /api/gsi/state …
  GET /api/gsi/state — 1 мс
  GET /api/vision/state …
  GET /api/vision/state — 0 мс
  GET /api/gsi/state …
  GET /api/gsi/state — 0 мс
  GET /api/vision/state …
  GET /api/vision/state — 0 мс
  GET /api/vision/state …
  GET /api/vision/state — 0 мс
  GET /api/gsi/state …
  GET /api/gsi/state — 1 мс
  GET /api/vision/state …
  GET /api/vision/state — 1 мс
  GET /api/gsi/state …
  GET /api/gsi/state — 0 мс
  GET /api/vision/state …
  GET /api/vision/state — 0 мс
  GET /api/vision/state …
  GET /api/vision/state — 0 мс
  GET /api/gsi/state …
  GET /api/gsi/state — 0 мс
  GET /api/vision/state …
  GET /api/vision/state — 0 мс
  GET /api/gsi/state …
  GET /api/gsi/state — 1 мс
  сеть: curl вернул код 28: curl: (28) Operation timed out after 45014 milliseconds with 24782 bytes received; показана копия из кэша для https://api.opendota.com/api/heroStats
  GET /api/vision/state …
  GET /api/vision/state — 0 мс
  GET /api/vision/state …
  GET /api/vision/state — 0 мс
  GET /api/gsi/state …
  GET /api/gsi/state — 1 мс
  GSI: сообщение #4500 от игры, 2177 байт
  GET /api/vision/state …
  GET /api/vision/state — 1 мс
  GET /api/gsi/state …
  GET /api/gsi/state — 0 мс
  GET /api/vision/state …
  GET /api/vision/state — 0 мс
  GET /api/vision/state …
  GET /api/vision/state — 1 мс
  GET /api/gsi/state …
  GET /api/gsi/state — 1 мс
  GET /api/vision/state …
  GET /api/vision/state — 1 мс
  GET /api/gsi/state …
  GET /api/gsi/state — 1 мс
  GET /api/vision/state …
  GET /api/vision/state — 1 мс
  GET /api/vision/state …
  GET /api/vision/state — 0 мс
  GET /api/gsi/state …
  GET /api/gsi/state — 0 мс
  GET /api/vision/state …
  GET /api/vision/state — 1 мс
  GET /api/gsi/state …
  GET /api/gsi/state — 1 мс
  GET /api/vision/state …
  GET /api/vision/state — 0 мс
  GET /api/vision/state …
  GET /api/vision/state — 0 мс
  GET /api/gsi/state …
  GET /api/gsi/state — 1 мс
  GET /api/vision/state …
  GET /api/vision/state — 0 мс
  GET /api/gsi/state …
  GET /api/gsi/state — 1 мс
  GET /api/vision/state …
  GET /api/vision/state — 0 мс
  GET /api/vision/state …
  GET /api/vision/state — 1 мс
  GET /api/gsi/state …
  GET /api/gsi/state — 1 мс
  GET /api/vision/state …
  GET /api/vision/state — 0 мс
  GSI: сообщение #4600 от игры, 2247 байт
  GET /api/gsi/state …
  GET /api/gsi/state — 0 мс
  GET /api/vision/state …
  GET /api/vision/state — 0 мс
  GET /api/vision/state …
  GET /api/vision/state — 2 мс
  GET /api/gsi/state …
  GET /api/gsi/state — 1 мс
  GET /api/vision/state …
  GET /api/vision/state — 2 мс
  GET /api/gsi/state …
  GET /api/gsi/state — 0 мс
  GET /api/vision/state …
  GET /api/vision/state — 1 мс
  GET /api/vision/state …
  GET /api/vision/state — 0 мс
  GET /api/gsi/state …
  GET /api/gsi/state — 2 мс
  GET /api/vision/state …
  GET /api/vision/state — 0 мс
  GET /api/gsi/state …
  GET /api/gsi/state — 1 мс
  GET /api/vision/state …
  GET /api/vision/state — 0 мс
  GET /api/vision/state …
  GET /api/vision/state — 0 мс
  GET /api/gsi/state …
  GET /api/gsi/state — 0 мс
  GET /api/vision/state …
  GET /api/vision/state — 0 мс
  GET /api/gsi/state …
  GET /api/gsi/state — 0 мс
  GET /api/vision/state …
  GET /api/vision/state — 0 мс
  GET /api/vision/state …
  GET /api/vision/state — 0 мс
  GET /api/gsi/state …
  GET /api/gsi/state — 2 мс
  GET /api/vision/state …
  GET /api/vision/state — 0 мс
  GET /api/gsi/state …
  GET /api/gsi/state — 0 мс
  GET /api/vision/state …
  GET /api/vision/state — 1 мс
  GSI: сообщение #4700 от игры, 2348 байт
  GET /api/vision/state …
  GET /api/vision/state — 0 мс
  GET /api/gsi/state …
  GET /api/gsi/state — 1 мс
  GET /api/vision/state …
  GET /api/vision/state — 1 мс
  GET /api/gsi/state …
  GET /api/gsi/state — 0 мс
  GET /api/vision/state …
  GET /api/vision/state — 2 мс
  GET /api/vision/state …
  GET /api/vision/state — 2 мс
  GET /api/gsi/state …
  GET /api/gsi/state — 0 мс
  GET /api/vision/state …
  GET /api/vision/state — 0 мс
  GET /api/gsi/state …
  GET /api/gsi/state — 0 мс
  GET /api/vision/state …
  GET /api/vision/state — 0 мс
  GET /api/vision/state …
  GET /api/vision/state — 0 мс
  GET /api/gsi/state …
  GET /api/gsi/state — 0 мс
  GET /api/vision/state …
  GET /api/vision/state — 0 мс
  GET /api/gsi/state …
  GET /api/gsi/state — 1 мс
  GET /api/vision/state …
  GET /api/vision/state — 0 мс
  GET /api/vision/state …
  GET /api/vision/state — 0 мс
  GET /api/gsi/state …
  GET /api/gsi/state — 0 мс
  GET /api/vision/state …
  GET /api/vision/state — 1 мс
  GET /api/gsi/state …
  GET /api/gsi/state — 1 мс
  GET /api/vision/state …
  GET /api/vision/state — 1 мс
  GET /api/vision/state …
  GET /api/vision/state — 0 мс
  GSI: сообщение #4800 от игры, 2206 байт
  GET /api/gsi/state …
  GET /api/gsi/state — 0 мс
  GET /api/vision/state …
  GET /api/vision/state — 0 мс
  GET /api/gsi/state …
  GET /api/gsi/state — 1 мс
  GET /api/vision/state …
  GET /api/vision/state — 0 мс
  GET /api/vision/state …
  GET /api/vision/state — 0 мс
  GET /api/gsi/state …
  GET /api/gsi/state — 1 мс
  GET /api/vision/state …
  GET /api/vision/state — 0 мс
  GET /api/gsi/state …
  GET /api/gsi/state — 1 мс
  GET /api/vision/state …
  GET /api/vision/state — 0 мс
  GET /api/vision/state …
  GET /api/vision/state — 1 мс
  GET /api/gsi/state …
  GET /api/gsi/state — 1 мс
  сеть: curl вернул код 28: curl: (28) Operation timed out after 45003 milliseconds with 24719 bytes received; показана копия из кэша для https://api.opendota.com/api/heroStats
  GET /api/vision/state …
  GET /api/vision/state — 0 мс
  GET /api/gsi/state …
  GET /api/gsi/state — 1 мс
  GET /api/vision/state …
  GET /api/vision/state — 2 мс
  GET /api/vision/state …
  GET /api/vision/state — 0 мс
  GET /api/gsi/state …
  GET /api/gsi/state — 2 мс
  GET /api/vision/state …
  GET /api/vision/state — 0 мс
  GET /api/gsi/state …
  GET /api/gsi/state — 0 мс
  GET /api/vision/state …
  GET /api/vision/state — 0 мс
  GET /api/vision/state …
  GET /api/vision/state — 0 мс
  GET /api/gsi/state …
  GET /api/gsi/state — 1 мс
  GSI: сообщение #4900 от игры, 2251 байт
  GET /api/vision/state …
  GET /api/vision/state — 0 мс
  GET /api/gsi/state …
  GET /api/gsi/state — 1 мс
  GET /api/vision/state …
  GET /api/vision/state — 0 мс
  GET /api/vision/state …
  GET /api/vision/state — 0 мс
  GET /api/gsi/state …
  GET /api/gsi/state — 1 мс
  GET /api/vision/state …
  GET /api/vision/state — 1 мс
  GET /api/gsi/state …
  GET /api/gsi/state — 0 мс
  GET /api/vision/state …
  GET /api/vision/state — 0 мс
  GET /api/vision/state …
  GET /api/vision/state — 0 мс
  GET /api/gsi/state …
  GET /api/gsi/state — 0 мс
  GET /api/vision/state …
  GET /api/vision/state — 0 мс
  GET /api/gsi/state …
  GET /api/gsi/state — 1 мс
  GET /api/vision/state …
  GET /api/vision/state — 0 мс
  GET /api/vision/state …
  GET /api/vision/state — 0 мс
  GET /api/gsi/state …
  GET /api/gsi/state — 1 мс
  GET /api/vision/state …
  GET /api/vision/state — 0 мс
  GET /api/gsi/state …
  GET /api/gsi/state — 1 мс
  GET /api/vision/state …
  GET /api/vision/state — 1 мс
  GET /api/vision/state …
  GET /api/vision/state — 0 мс
  GET /api/gsi/state …
  GET /api/gsi/state — 0 мс
  GET /api/vision/state …
  GET /api/vision/state — 0 мс
  GSI: сообщение #5000 от игры, 2196 байт
  GET /api/gsi/state …
  GET /api/gsi/state — 0 мс
  GET /api/vision/state …
  GET /api/vision/state — 1 мс
  GET /api/vision/state …
  GET /api/vision/state — 1 мс
  GET /api/gsi/state …
  GET /api/gsi/state — 0 мс
  GET /api/vision/state …
  GET /api/vision/state — 1 мс
  GET /api/gsi/state …
  GET /api/gsi/state — 0 мс
  GET /api/vision/state …
  GET /api/vision/state — 0 мс
  GET /api/vision/state …
  GET /api/vision/state — 0 мс
  GET /api/gsi/state …
  GET /api/gsi/state — 0 мс
  GET /api/vision/state …
  GET /api/vision/state — 0 мс
  GET /api/gsi/state …
  GET /api/gsi/state — 0 мс
  GET /api/vision/state …
  GET /api/vision/state — 0 мс
  GET /api/vision/state …
  GET /api/vision/state — 0 мс
  GET /api/gsi/state …
  GET /api/gsi/state — 1 мс
  GET /api/vision/state …
  GET /api/vision/state — 0 мс
  GET /api/gsi/state …
  GET /api/gsi/state — 1 мс
  GET /api/vision/state …
  GET /api/vision/state — 0 мс
  GET /api/vision/state …
  GET /api/vision/state — 0 мс
  GET /api/gsi/state …
  GET /api/gsi/state — 1 мс
  GET /api/vision/state …
  GET /api/vision/state — 1 мс
  GET /api/gsi/state …
  GET /api/gsi/state — 0 мс
  GET /api/vision/state …
  GET /api/vision/state — 1 мс
  GSI: сообщение #5100 от игры, 2189 байт
  GET /api/vision/state …
  GET /api/vision/state — 0 мс
  GET /api/gsi/state …
  GET /api/gsi/state — 1 мс
  GET /api/vision/state …
  GET /api/vision/state — 0 мс
  GET /api/gsi/state …
  GET /api/gsi/state — 1 мс
  GET /api/vision/state …
  GET /api/vision/state — 0 мс
  GET /api/vision/state …
  GET /api/vision/state — 0 мс
  GET /api/gsi/state …
  GET /api/gsi/state — 0 мс
  GET /api/vision/state …
  GET /api/vision/state — 0 мс
  GET /api/gsi/state …
  GET /api/gsi/state — 0 мс
  GET /api/vision/state …
  GET /api/vision/state — 1 мс
  GET /api/vision/state …
  GET /api/vision/state — 0 мс
  GET /api/gsi/state …
  GET /api/gsi/state — 1 мс
  GET /api/vision/state …
  GET /api/vision/state — 0 мс
  GET /api/gsi/state …
  GET /api/gsi/state — 1 мс
  GET /api/vision/state …
  GET /api/vision/state — 1 мс
  GET /api/vision/state …
  GET /api/vision/state — 0 мс
  GET /api/gsi/state …
  GET /api/gsi/state — 1 мс
  GET /api/vision/state …
  GET /api/vision/state — 0 мс
  GET /api/gsi/state …
  GET /api/gsi/state — 1 мс
  GET /api/vision/state …
  GET /api/vision/state — 0 мс
  GET /api/vision/state …
  GET /api/vision/state — 0 мс
  GET /api/gsi/state …
  GET /api/gsi/state — 2 мс
  GSI: сообщение #5200 от игры, 2325 байт
  GET /api/vision/state …
  GET /api/vision/state — 0 мс
  GET /api/gsi/state …
  GET /api/gsi/state — 0 мс
  GET /api/vision/state …
  GET /api/vision/state — 0 мс
  сеть: curl вернул код 28: curl: (28) Operation timed out after 45012 milliseconds with 24776 bytes received; показана копия из кэша для https://api.opendota.com/api/heroStats
  GET /api/vision/state …
  GET /api/vision/state — 0 мс
  GET /api/gsi/state …
  GET /api/gsi/state — 1 мс
  GET /api/vision/state …
  GET /api/vision/state — 1 мс
  GET /api/gsi/state …
  GET /api/gsi/state — 0 мс
  GET /api/vision/state …
  GET /api/vision/state — 0 мс
  GET /api/vision/state …
  GET /api/vision/state — 0 мс
  GET /api/gsi/state …
  GET /api/gsi/state — 0 мс
  GET /api/vision/state …
  GET /api/vision/state — 0 мс
  GET /api/gsi/state …
  GET /api/gsi/state — 1 мс
  GET /api/vision/state …
  GET /api/vision/state — 0 мс
  GET /api/vision/state …
  GET /api/vision/state — 0 мс
  GET /api/gsi/state …
  GET /api/gsi/state — 1 мс
  GET /api/vision/state …
  GET /api/vision/state — 2 мс
  GET /api/gsi/state …
  GET /api/gsi/state — 1 мс
  GET /api/vision/state …
  GET /api/vision/state — 1 мс
  GET /api/vision/state …
  GET /api/vision/state — 1 мс
  GET /api/gsi/state …
  GET /api/gsi/state — 0 мс
  GET /api/vision/state …
  GET /api/vision/state — 0 мс
  GSI: сообщение #5300 от игры, 2132 байт
  GET /api/gsi/state …
  GET /api/gsi/state — 0 мс
  GET /api/vision/state …
  GET /api/vision/state — 0 мс
  GET /api/vision/state …
  GET /api/vision/state — 0 мс
  GET /api/gsi/state …
  GET /api/gsi/state — 0 мс
  GET /api/vision/state …
  GET /api/vision/state — 0 мс
  GET /api/gsi/state …
  GET /api/gsi/state — 1 мс
  GET /api/vision/state …
  GET /api/vision/state — 0 мс
  GET /api/vision/state …
  GET /api/vision/state — 1 мс
  GET /api/gsi/state …
  GET /api/gsi/state — 0 мс
  GET /api/vision/state …
  GET /api/vision/state — 0 мс
  GET /api/gsi/state …
  GET /api/gsi/state — 0 мс
  GET /api/vision/state …
  GET /api/vision/state — 0 мс
  GET /api/vision/state …
  GET /api/vision/state — 0 мс
  GET /api/gsi/state …
  GET /api/gsi/state — 2 мс
  GET /api/vision/state …
  GET /api/vision/state — 1 мс
  GET /api/gsi/state …
  GET /api/gsi/state — 1 мс
  GET /api/vision/state …
  GET /api/vision/state — 1 мс
  GET /api/vision/state …
  GET /api/vision/state — 0 мс
  GET /api/gsi/state …
  GET /api/gsi/state — 1 мс
  GET /api/vision/state …
  GET /api/vision/state — 1 мс
  GET /api/gsi/state …
  GET /api/gsi/state — 2 мс
  GET /api/vision/state …
  GET /api/vision/state — 0 мс
  GSI: сообщение #5400 от игры, 2362 байт
  GET /api/vision/state …
  GET /api/vision/state — 1 мс
  GET /api/gsi/state …
  GET /api/gsi/state — 0 мс
  GET /api/vision/state …
  GET /api/vision/state — 0 мс
  GET /api/gsi/state …
  GET /api/gsi/state — 1 мс
  GET /api/vision/state …
  GET /api/vision/state — 1 мс
  GET /api/vision/state …
  GET /api/vision/state — 0 мс
  GET /api/gsi/state …
  GET /api/gsi/state — 0 мс
  GET /api/vision/state …
  GET /api/vision/state — 0 мс
  GET /api/gsi/state …
  GET /api/gsi/state — 1 мс
  GET /api/vision/state …
  GET /api/vision/state — 0 мс
  GET /api/vision/state …
  GET /api/vision/state — 0 мс
  GET /api/gsi/state …
  GET /api/gsi/state — 1 мс
  GET /api/vision/state …
  GET /api/vision/state — 0 мс
  GET /api/gsi/state …
  GET /api/gsi/state — 0 мс
  GET /api/vision/state …
  GET /api/vision/state — 0 мс
  GET /api/vision/state …
  GET /api/vision/state — 0 мс
  GET /api/gsi/state …
  GET /api/gsi/state — 1 мс
  GET /api/vision/state …
  GET /api/vision/state — 0 мс
  GET /api/gsi/state …
  GET /api/gsi/state — 0 мс
  GET /api/vision/state …
  GET /api/vision/state — 0 мс
  GSI: сообщение #5500 от игры, 2171 байт
  GET /api/vision/state …
  GET /api/vision/state — 0 мс
  GET /api/gsi/state …
  GET /api/gsi/state — 1 мс
  GET /api/vision/state …
  GET /api/vision/state — 0 мс
  GET /api/gsi/state …
  GET /api/gsi/state — 2 мс
  GET /api/vision/state …
  GET /api/vision/state — 0 мс
  GET /api/vision/state …
  GET /api/vision/state — 1 мс
  GET /api/gsi/state …
  GET /api/gsi/state — 1 мс
  GET /api/vision/state …
  GET /api/vision/state — 1 мс
  GET /api/gsi/state …
  GET /api/gsi/state — 1 мс
  GET /api/vision/state …
  GET /api/vision/state — 1 мс
  GET /api/vision/state …
  GET /api/vision/state — 1 мс
  GET /api/gsi/state …
  GET /api/gsi/state — 1 мс
  GET /api/vision/state …
  GET /api/vision/state — 1 мс
  GET /api/gsi/state …
  GET /api/gsi/state — 0 мс
  GET /api/vision/state …
  GET /api/vision/state — 2 мс
  GET /api/vision/state …
  GET /api/vision/state — 1 мс
  GET /api/gsi/state …
  GET /api/gsi/state — 2 мс
  сеть: curl вернул код 28: curl: (28) Operation timed out after 45008 milliseconds with 24827 bytes received; показана копия из кэша для https://api.opendota.com/api/heroStats
  GET /api/vision/state …
  GET /api/vision/state — 0 мс
  GET /api/gsi/state …
  GET /api/gsi/state — 1 мс
  GET /api/vision/state …
  GET /api/vision/state — 1 мс
  GET /api/vision/state …
  GET /api/vision/state — 0 мс
  GET /api/gsi/state …
  GET /api/gsi/state — 1 мс
  GSI: сообщение #5600 от игры, 2344 байт
  GET /api/vision/state …
  GET /api/vision/state — 0 мс
  GET /api/gsi/state …
  GET /api/gsi/state — 1 мс
  GET /api/vision/state …
  GET /api/vision/state — 1 мс
  GET /api/vision/state …
  GET /api/vision/state — 0 мс
  GET /api/gsi/state …
  GET /api/gsi/state — 1 мс
  GET /api/vision/state …
  GET /api/vision/state — 0 мс
  GET /api/gsi/state …
  GET /api/gsi/state — 0 мс
  GET /api/vision/state …
  GET /api/vision/state — 0 мс
  GET /api/vision/state …
  GET /api/vision/state — 0 мс
  GET /api/gsi/state …
  GET /api/gsi/state — 0 мс
  GET /api/vision/state …
  GET /api/vision/state — 0 мс
  GET /api/gsi/state …
  GET /api/gsi/state — 0 мс
  GET /api/vision/state …
  GET /api/vision/state — 0 мс
  GET /api/vision/state …
  GET /api/vision/state — 1 мс
  GET /api/gsi/state …
  GET /api/gsi/state — 0 мс
  GET /api/vision/state …
  GET /api/vision/state — 0 мс
  GET /api/gsi/state …
  GET /api/gsi/state — 0 мс
  GET /api/vision/state …
  GET /api/vision/state — 0 мс
  GET /api/vision/state …
  GET /api/vision/state — 0 мс
  GET /api/gsi/state …
  GET /api/gsi/state — 2 мс
  GET /api/vision/state …
  GET /api/vision/state — 1 мс
  GSI: сообщение #5700 от игры, 2284 байт
  GET /api/gsi/state …
  GET /api/gsi/state — 1 мс
  GET /api/vision/state …
  GET /api/vision/state — 2 мс
  GET /api/vision/state …
  GET /api/vision/state — 0 мс
  GET /api/gsi/state …
  GET /api/gsi/state — 0 мс
  GET /api/vision/state …
  GET /api/vision/state — 0 мс
  GET /api/gsi/state …
  GET /api/gsi/state — 0 мс
  GET /api/vision/state …
  GET /api/vision/state — 0 мс
  GET /api/vision/state …
  GET /api/vision/state — 0 мс
  GET /api/gsi/state …
  GET /api/gsi/state — 1 мс
  GET /api/vision/state …
  GET /api/vision/state — 0 мс
  GET /api/gsi/state …
  GET /api/gsi/state — 0 мс
  GET /api/vision/state …
  GET /api/vision/state — 0 мс
  GET /api/vision/state …
  GET /api/vision/state — 0 мс
  GET /api/gsi/state …
  GET /api/gsi/state — 1 мс
  GET /api/vision/state …
  GET /api/vision/state — 0 мс
  GET /api/gsi/state …
  GET /api/gsi/state — 0 мс
  GET /api/vision/state …
  GET /api/vision/state — 0 мс
  GET /api/vision/state …
  GET /api/vision/state — 1 мс
  GET /api/gsi/state …
  GET /api/gsi/state — 1 мс
  GET /api/vision/state …
  GET /api/vision/state — 1 мс
  GET /api/gsi/state …
  GET /api/gsi/state — 1 мс
  GET /api/vision/state …
  GET /api/vision/state — 1 мс
  GSI: сообщение #5800 от игры, 2180 байт
  GET /api/vision/state …
  GET /api/vision/state — 1 мс
  GET /api/gsi/state …
  GET /api/gsi/state — 1 мс
  GET /api/vision/state …
  GET /api/vision/state — 0 мс
  GET /api/gsi/state …
  GET /api/gsi/state — 0 мс
  GET /api/vision/state …
  GET /api/vision/state — 0 мс
  GET /api/vision/state …
  GET /api/vision/state — 0 мс
  GET /api/gsi/state …
  GET /api/gsi/state — 1 мс
  GET /api/vision/state …
  GET /api/vision/state — 0 мс
  GET /api/gsi/state …
  GET /api/gsi/state — 0 мс
  GET /api/vision/state …
  GET /api/vision/state — 1 мс
  GET /api/vision/state …
  GET /api/vision/state — 0 мс
  GET /api/gsi/state …
  GET /api/gsi/state — 1 мс
  GET /api/vision/state …
  GET /api/vision/state — 0 мс
  GET /api/gsi/state …
  GET /api/gsi/state — 1 мс
  GET /api/vision/state …
  GET /api/vision/state — 0 мс
  GET /api/vision/state …
  GET /api/vision/state — 0 мс
  GET /api/gsi/state …
  GET /api/gsi/state — 0 мс
  GET /api/vision/state …
  GET /api/vision/state — 0 мс
  GET /api/gsi/state …
  GET /api/gsi/state — 1 мс
  GET /api/vision/state …
  GET /api/vision/state — 0 мс
  GET /api/vision/state …
  GET /api/vision/state — 0 мс
  GSI: сообщение #5900 от игры, 2221 байт
  GET /api/gsi/state …
  GET /api/gsi/state — 1 мс
  GET /api/vision/state …
  GET /api/vision/state — 0 мс
  GET /api/gsi/state …
  GET /api/gsi/state — 0 мс
  GET /api/vision/state …
  GET /api/vision/state — 1 мс
  GET /api/vision/state …
  GET /api/vision/state — 1 мс
  GET /api/gsi/state …
  GET /api/gsi/state — 1 мс
  GET /api/vision/state …
  GET /api/vision/state — 0 мс
  GET /api/gsi/state …
  GET /api/gsi/state — 1 мс
  GET /api/vision/state …
  GET /api/vision/state — 1 мс
  сеть: curl вернул код 28: curl: (28) Operation timed out after 45007 milliseconds with 24772 bytes received; показана копия из кэша для https://api.opendota.com/api/heroStats
  GET /api/vision/state …
  GET /api/vision/state — 0 мс
  GET /api/gsi/state …
  GET /api/gsi/state — 1 мс
  GET /api/vision/state …
  GET /api/vision/state — 0 мс
  GET /api/gsi/state …
  GET /api/gsi/state — 0 мс
  GET /api/vision/state …
  GET /api/vision/state — 0 мс
  GET /api/vision/state …
  GET /api/vision/state — 0 мс
  GET /api/gsi/state …
  GET /api/gsi/state — 2 мс
  GET /api/vision/state …
  GET /api/vision/state — 0 мс
  GET /api/gsi/state …
  GET /api/gsi/state — 2 мс
  GET /api/vision/state …
  GET /api/vision/state — 0 мс
  GET /api/vision/state …
  GET /api/vision/state — 0 мс
  GET /api/gsi/state …
  GET /api/gsi/state — 1 мс
  GSI: сообщение #6000 от игры, 2170 байт
  GET /api/vision/state …
  GET /api/vision/state — 0 мс
  GET /api/gsi/state …
  GET /api/gsi/state — 0 мс
  GET /api/vision/state …
  GET /api/vision/state — 1 мс
  GET /api/vision/state …
  GET /api/vision/state — 1 мс
  GET /api/gsi/state …
  GET /api/gsi/state — 0 мс
  GET /api/vision/state …
  GET /api/vision/state — 0 мс
  GET /api/gsi/state …
  GET /api/gsi/state — 0 мс
  GET /api/vision/state …
  GET /api/vision/state — 1 мс
  GET /api/vision/state …
  GET /api/vision/state — 0 мс
  GET /api/gsi/state …
  GET /api/gsi/state — 1 мс
  GET /api/vision/state …
  GET /api/vision/state — 0 мс
  GET /api/gsi/state …
  GET /api/gsi/state — 1 мс
  GET /api/vision/state …
  GET /api/vision/state — 0 мс
  GET /api/vision/state …
  GET /api/vision/state — 0 мс
  GET /api/gsi/state …
  GET /api/gsi/state — 0 мс
  GET /api/vision/state …
  GET /api/vision/state — 0 мс
  GET /api/gsi/state …
  GET /api/gsi/state — 0 мс
  GET /api/vision/state …
  GET /api/vision/state — 1 мс
  GET /api/vision/state …
  GET /api/vision/state — 0 мс
  GET /api/gsi/state …
  GET /api/gsi/state — 0 мс
  GET /api/vision/state …
  GET /api/vision/state — 1 мс
  GET /api/gsi/state …
  GET /api/gsi/state — 0 мс
  GET /api/vision/state …
  GET /api/vision/state — 0 мс
  GET /api/vision/state …
  GET /api/vision/state — 0 мс
  GET /api/gsi/state …
  GET /api/gsi/state — 1 мс
  GSI: сообщение #6100 от игры, 2178 байт
  GET /api/vision/state …
  GET /api/vision/state — 1 мс
  GET /api/gsi/state …
  GET /api/gsi/state — 1 мс
  GET /api/vision/state …
  GET /api/vision/state — 0 мс
  GET /api/vision/state …
  GET /api/vision/state — 0 мс
  GET /api/gsi/state …
  GET /api/gsi/state — 0 мс
  GET /api/vision/state …
  GET /api/vision/state — 1 мс
  GET /api/gsi/state …
  GET /api/gsi/state — 1 мс
  GET /api/vision/state …
  GET /api/vision/state — 0 мс
  GET /api/vision/state …
  GET /api/vision/state — 0 мс
  GET /api/gsi/state …
  GET /api/gsi/state — 0 мс
  GET /api/vision/state …
  GET /api/vision/state — 0 мс
  GET /api/gsi/state …
  GET /api/gsi/state — 0 мс
  GET /api/vision/state …
  GET /api/vision/state — 0 мс
  GET /api/vision/state …
  GET /api/vision/state — 1 мс
  GET /api/gsi/state …
  GET /api/gsi/state — 0 мс
  GET /api/vision/state …
  GET /api/vision/state — 0 мс
  GET /api/gsi/state …
  GET /api/gsi/state — 1 мс
  GET /api/vision/state …
  GET /api/vision/state — 0 мс
  GET /api/vision/state …
  GET /api/vision/state — 0 мс
  GET /api/gsi/state …
  GET /api/gsi/state — 0 мс
  GET /api/vision/state …
  GET /api/vision/state — 0 мс
  GET /api/gsi/state …
  GET /api/gsi/state — 0 мс
  GET /api/vision/state …
  GET /api/vision/state — 0 мс
  GET /api/vision/state …
  GET /api/vision/state — 0 мс
  GET /api/gsi/state …
  GET /api/gsi/state — 0 мс
  GET /api/vision/state …
  GET /api/vision/state — 1 мс
  GET /api/gsi/state …
  GET /api/gsi/state — 1 мс
  GET /api/vision/state …
  GET /api/vision/state — 1 мс
  GSI: сообщение #6200 от игры, 2135 байт
  GET /api/vision/state …
  GET /api/vision/state — 0 мс
  GET /api/gsi/state …
  GET /api/gsi/state — 0 мс
  GET /api/vision/state …
  GET /api/vision/state — 0 мс
  GET /api/gsi/state …
  GET /api/gsi/state — 1 мс
  GET /api/vision/state …
  GET /api/vision/state — 1 мс
  GET /api/vision/state …
  GET /api/vision/state — 1 мс
  GET /api/gsi/state …
  GET /api/gsi/state — 1 мс
  GET /api/vision/state …
  GET /api/vision/state — 1 мс
  GET /api/gsi/state …
  GET /api/gsi/state — 1 мс
  GET /api/vision/state …
  GET /api/vision/state — 1 мс
  GET /api/vision/state …
  GET /api/vision/state — 0 мс
  GET /api/gsi/state …
  GET /api/gsi/state — 1 мс
  сеть: curl вернул код 28: curl: (28) Operation timed out after 45004 milliseconds with 24724 bytes received; показана копия из кэша для https://api.opendota.com/api/heroStats
  GET /api/vision/state …
  GET /api/vision/state — 1 мс
  GET /api/gsi/state …
  GET /api/gsi/state — 1 мс
  GET /api/vision/state …
  GET /api/vision/state — 0 мс
  GET /api/vision/state …
  GET /api/vision/state — 1 мс
  GET /api/gsi/state …
  GET /api/gsi/state — 1 мс
  GET /api/vision/state …
  GET /api/vision/state — 1 мс
  GET /api/gsi/state …
  GET /api/gsi/state — 1 мс
  GET /api/vision/state …
  GET /api/vision/state — 0 мс
  GET /api/vision/state …
  GET /api/vision/state — 1 мс
  GET /api/gsi/state …
  GET /api/gsi/state — 0 мс
  GET /api/vision/state …
  GET /api/vision/state — 0 мс
  GET /api/gsi/state …
  GET /api/gsi/state — 0 мс
  GET /api/vision/state …
  GET /api/vision/state — 1 мс
  GET /api/vision/state …
  GET /api/vision/state — 1 мс
  GET /api/gsi/state …
  GET /api/gsi/state — 0 мс
  GSI: сообщение #6300 от игры, 2195 байт
  GET /api/vision/state …
  GET /api/vision/state — 0 мс
  GET /api/gsi/state …
  GET /api/gsi/state — 1 мс
  GET /api/vision/state …
  GET /api/vision/state — 1 мс
  GET /api/vision/state …
  GET /api/vision/state — 1 мс
  GET /api/gsi/state …
  GET /api/gsi/state — 0 мс
  GET /api/vision/state …
  GET /api/vision/state — 0 мс
  GET /api/gsi/state …
  GET /api/gsi/state — 0 мс
  GET /api/vision/state …
  GET /api/vision/state — 0 мс
  GET /api/vision/state …
  GET /api/vision/state — 0 мс
  GET /api/gsi/state …
  GET /api/gsi/state — 0 мс
  GET /api/vision/state …
  GET /api/vision/state — 0 мс
  GET /api/gsi/state …
  GET /api/gsi/state — 0 мс
  GET /api/vision/state …
  GET /api/vision/state — 0 мс
  GET /api/vision/state …
  GET /api/vision/state — 2 мс
  GET /api/gsi/state …
  GET /api/gsi/state — 1 мс
  GET /api/vision/state …
  GET /api/vision/state — 0 мс
  GET /api/gsi/state …
  GET /api/gsi/state — 0 мс
  GET /api/vision/state …
  GET /api/vision/state — 0 мс
  GET /api/vision/state …
  GET /api/vision/state — 0 мс
  GET /api/gsi/state …
  GET /api/gsi/state — 1 мс
  GET /api/vision/state …
  GET /api/vision/state — 0 мс
  GSI: сообщение #6400 от игры, 2249 байт
  GET /api/gsi/state …
  GET /api/gsi/state — 1 мс
  GET /api/vision/state …
  GET /api/vision/state — 0 мс
  GET /api/vision/state …
  GET /api/vision/state — 0 мс
  GET /api/gsi/state …
  GET /api/gsi/state — 1 мс
  GET /api/vision/state …
  GET /api/vision/state — 0 мс
  GET /api/gsi/state …
  GET /api/gsi/state — 1 мс
  GET /api/vision/state …
  GET /api/vision/state — 0 мс
  GET /api/vision/state …
  GET /api/vision/state — 0 мс
  GET /api/gsi/state …
  GET /api/gsi/state — 0 мс
  GET /api/vision/state …
  GET /api/vision/state — 0 мс
  GET /api/gsi/state …
  GET /api/gsi/state — 1 мс
  GET /api/vision/state …
  GET /api/vision/state — 0 мс
  GET /api/vision/state …
  GET /api/vision/state — 1 мс
  GET /api/gsi/state …
  GET /api/gsi/state — 0 мс
  GET /api/vision/state …
  GET /api/vision/state — 0 мс
  GET /api/gsi/state …
  GET /api/gsi/state — 0 мс
  GET /api/vision/state …
  GET /api/vision/state — 0 мс
  GET /api/vision/state …
  GET /api/vision/state — 0 мс
  GET /api/gsi/state …
  GET /api/gsi/state — 1 мс
  GET /api/vision/state …
  GET /api/vision/state — 0 мс
  GET /api/gsi/state …
  GET /api/gsi/state — 0 мс
  GET /api/vision/state …
  GET /api/vision/state — 1 мс
  GSI: сообщение #6500 от игры, 2342 байт
  GET /api/vision/state …
  GET /api/vision/state — 1 мс
  GET /api/gsi/state …
  GET /api/gsi/state — 1 мс
  GET /api/vision/state …
  GET /api/vision/state — 0 мс
  GET /api/gsi/state …
  GET /api/gsi/state — 0 мс
  GET /api/vision/state …
  GET /api/vision/state — 0 мс
  GET /api/vision/state …
  GET /api/vision/state — 1 мс
  GET /api/gsi/state …
  GET /api/gsi/state — 0 мс
  GET /api/vision/state …
  GET /api/vision/state — 0 мс
  GET /api/gsi/state …
  GET /api/gsi/state — 0 мс
  GET /api/vision/state …
  GET /api/vision/state — 0 мс
  GET /api/vision/state …
  GET /api/vision/state — 0 мс
  GET /api/gsi/state …
  GET /api/gsi/state — 0 мс
  GET /api/vision/state …
  GET /api/vision/state — 0 мс
  GET /api/gsi/state …
  GET /api/gsi/state — 1 мс
  GET /api/vision/state …
  GET /api/vision/state — 0 мс
  GET /api/vision/state …
  GET /api/vision/state — 0 мс
  GET /api/gsi/state …
  GET /api/gsi/state — 0 мс
  GET /api/vision/state …
  GET /api/vision/state — 2 мс
  GET /api/gsi/state …
  GET /api/gsi/state — 0 мс
  GET /api/vision/state …
  GET /api/vision/state — 0 мс
  сеть: curl вернул код 28: curl: (28) Operation timed out after 45002 milliseconds with 24862 bytes received; показана копия из кэша для https://api.opendota.com/api/heroStats
  GSI: сообщение #6600 от игры, 2304 байт
  GET /api/vision/state …
  GET /api/vision/state — 0 мс
  GET /api/gsi/state …
  GET /api/gsi/state — 2 мс
  GET /api/vision/state …
  GET /api/vision/state — 0 мс
  GET /api/gsi/state …
  GET /api/gsi/state — 0 мс
  GET /api/vision/state …
  GET /api/vision/state — 1 мс
  GET /api/vision/state …
  GET /api/vision/state — 0 мс
  GET /api/gsi/state …
  GET /api/gsi/state — 0 мс
  GET /api/vision/state …
  GET /api/vision/state — 0 мс
  GET /api/gsi/state …
  GET /api/gsi/state — 0 мс
  GET /api/vision/state …
  GET /api/vision/state — 0 мс
  GET /api/vision/state …
  GET /api/vision/state — 0 мс
  GET /api/gsi/state …
  GET /api/gsi/state — 1 мс
  GET /api/vision/state …
  GET /api/vision/state — 0 мс
  GET /api/gsi/state …
  GET /api/gsi/state — 0 мс
  GET /api/vision/state …
  GET /api/vision/state — 1 мс
  GET /api/vision/state …
  GET /api/vision/state — 0 мс
  GET /api/gsi/state …
  GET /api/gsi/state — 0 мс
  GET /api/vision/state …
  GET /api/vision/state — 0 мс
  GET /api/gsi/state …
  GET /api/gsi/state — 1 мс
  GET /api/vision/state …
  GET /api/vision/state — 0 мс
  GET /api/vision/state …
  GET /api/vision/state — 0 мс
  GET /api/gsi/state …
  GET /api/gsi/state — 0 мс
  GSI: сообщение #6700 от игры, 2253 байт
  GET /api/vision/state …
  GET /api/vision/state — 0 мс
  GET /api/gsi/state …
  GET /api/gsi/state — 0 мс
  GET /api/vision/state …
  GET /api/vision/state — 0 мс
  GET /api/vision/state …
  GET /api/vision/state — 0 мс
  GET /api/gsi/state …
  GET /api/gsi/state — 1 мс
  GET /api/vision/state …
  GET /api/vision/state — 0 мс
  GET /api/gsi/state …
  GET /api/gsi/state — 0 мс
  GET /api/vision/state …
  GET /api/vision/state — 0 мс
  GET /api/vision/state …
  GET /api/vision/state — 0 мс
  GET /api/gsi/state …
  GET /api/gsi/state — 1 мс
  GET /api/vision/state …
  GET /api/vision/state — 0 мс
  GET /api/gsi/state …
  GET /api/gsi/state — 1 мс
  GET /api/vision/state …
  GET /api/vision/state — 0 мс
  GET /api/vision/state …
  GET /api/vision/state — 0 мс
  GET /api/gsi/state …
  GET /api/gsi/state — 2 мс
  GET /api/vision/state …
  GET /api/vision/state — 0 мс
  GET /api/gsi/state …
  GET /api/gsi/state — 2 мс
  GET /api/vision/state …
  GET /api/vision/state — 0 мс
  GET /api/vision/state …
  GET /api/vision/state — 1 мс
  GET /api/gsi/state …
  GET /api/gsi/state — 0 мс
  GET /api/vision/state …
  GET /api/vision/state — 1 мс
  GSI: сообщение #6800 от игры, 2173 байт
  GET /api/gsi/state …
  GET /api/gsi/state — 2 мс
  GET /api/vision/state …
  GET /api/vision/state — 0 мс
  GET /api/vision/state …
  GET /api/vision/state — 0 мс
  GET /api/gsi/state …
  GET /api/gsi/state — 0 мс
  GET /api/vision/state …
  GET /api/vision/state — 0 мс
  GET /api/gsi/state …
  GET /api/gsi/state — 1 мс
  GET /api/vision/state …
  GET /api/vision/state — 0 мс
  GET /api/vision/state …
  GET /api/vision/state — 1 мс
  GET /api/gsi/state …
  GET /api/gsi/state — 0 мс
  GET /api/vision/state …
  GET /api/vision/state — 2 мс
  GET /api/gsi/state …
  GET /api/gsi/state — 1 мс
  GET /api/vision/state …
  GET /api/vision/state — 1 мс
  GET /api/vision/state …
  GET /api/vision/state — 0 мс
  GET /api/gsi/state …
  GET /api/gsi/state — 0 мс
  GET /api/vision/state …
  GET /api/vision/state — 0 мс
  GET /api/gsi/state …
  GET /api/gsi/state — 1 мс
  GET /api/vision/state …
  GET /api/vision/state — 1 мс
  GET /api/vision/state …
  GET /api/vision/state — 0 мс
  GET /api/gsi/state …
  GET /api/gsi/state — 1 мс
  GET /api/vision/state …
  GET /api/vision/state — 1 мс
  GET /api/gsi/state …
  GET /api/gsi/state — 1 мс
  GET /api/vision/state …
  GET /api/vision/state — 1 мс
  GSI: сообщение #6900 от игры, 2304 байт
  GET /api/vision/state …
  GET /api/vision/state — 0 мс
  GET /api/gsi/state …
  GET /api/gsi/state — 0 мс
  GET /api/vision/state …
  GET /api/vision/state — 0 мс
  GET /api/gsi/state …
  GET /api/gsi/state — 1 мс
  GET /api/vision/state …
  GET /api/vision/state — 0 мс
  GET /api/vision/state …
  GET /api/vision/state — 0 мс
  GET /api/gsi/state …
  GET /api/gsi/state — 0 мс
  GET /api/vision/state …
  GET /api/vision/state — 0 мс
  GET /api/gsi/state …
  GET /api/gsi/state — 2 мс
  GET /api/vision/state …
  GET /api/vision/state — 0 мс
  GET /api/vision/state …
  GET /api/vision/state — 1 мс
  GET /api/gsi/state …
  GET /api/gsi/state — 1 мс
  сеть: curl вернул код 28: curl: (28) Operation timed out after 45014 milliseconds with 24767 bytes received; показана копия из кэша для https://api.opendota.com/api/heroStats
  GET /api/vision/state …
  GET /api/vision/state — 0 мс
  GET /api/gsi/state …
  GET /api/gsi/state — 1 мс
  GET /api/vision/state …
  GET /api/vision/state — 0 мс
  GET /api/vision/state …
  GET /api/vision/state — 1 мс
  GET /api/gsi/state …
  GET /api/gsi/state — 1 мс
  GET /api/vision/state …
  GET /api/vision/state — 0 мс
  GET /api/gsi/state …
  GET /api/gsi/state — 1 мс
  GET /api/vision/state …
  GET /api/vision/state — 0 мс
  GET /api/vision/state …
  GET /api/vision/state — 0 мс
  GET /api/gsi/state …
  GET /api/gsi/state — 0 мс
  GET /api/vision/state …
  GET /api/vision/state — 0 мс
  GET /api/gsi/state …
  GET /api/gsi/state — 0 мс
  GET /api/vision/state …
  GET /api/vision/state — 0 мс
  GET /api/vision/state …
  GET /api/vision/state — 0 мс
  GET /api/gsi/state …
  GET /api/gsi/state — 1 мс
  GET /api/vision/state …
  GET /api/vision/state — 0 мс
  GET /api/gsi/state …
  GET /api/gsi/state — 0 мс
  GET /api/vision/state …
  GET /api/vision/state — 0 мс
  GET /api/vision/state …
  GET /api/vision/state — 0 мс
  GET /api/gsi/state …
  GET /api/gsi/state — 0 мс
  GET /api/vision/state …
  GET /api/vision/state — 0 мс
  GET /api/gsi/state …
  GET /api/gsi/state — 1 мс
  GET /api/vision/state …
  GET /api/vision/state — 1 мс
  GET /api/vision/state …
  GET /api/vision/state — 0 мс
  GET /api/gsi/state …
  GET /api/gsi/state — 1 мс
  GET /api/vision/state …
  GET /api/vision/state — 1 мс
  GET /api/gsi/state …
  GET /api/gsi/state — 0 мс
  GET /api/vision/state …
  GET /api/vision/state — 0 мс
  GET /api/vision/state …
  GET /api/vision/state — 1 мс
  GET /api/gsi/state …
  GET /api/gsi/state — 1 мс
